utility_name,timestamp,load
Utility 1,05/01/2022 01:00,9624.3
Utility 1,05/01/2022 02:00,9303.29
Utility 1,05/01/2022 03:00,9144.32
Utility 1,05/01/2022 04:00,9109.75
Utility 1,05/01/2022 05:00,9203.98
Utility 1,05/01/2022 06:00,9447.02
Utility 1,05/01/2022 07:00,9642.53
Utility 1,05/01/2022 08:00,9455.55
Utility 1,05/01/2022 09:00,8939.39
Utility 1,05/01/2022 10:00,8396.14
Utility 1,05/01/2022 11:00,8393.44
Utility 1,05/01/2022 12:00,8355.07
Utility 1,05/01/2022 13:00,8239.94
Utility 1,05/01/2022 14:00,8156.4
Utility 1,05/01/2022 15:00,8272.04
Utility 1,05/01/2022 16:00,8941.22
Utility 1,05/01/2022 17:00,9394.51
Utility 1,05/01/2022 18:00,10539.64
Utility 1,05/01/2022 19:00,11608.81
Utility 1,05/01/2022 20:00,12111.45
Utility 1,05/01/2022 21:00,12267.11
Utility 1,05/01/2022 22:00,11593.18
Utility 1,05/01/2022 23:00,10643.81
Utility 1,05/02/2022 00:00,9772.06
Utility 1,05/02/2022 01:00,9393.04
Utility 1,05/02/2022 02:00,9516.65
Utility 1,05/02/2022 03:00,9615.22
Utility 1,05/02/2022 04:00,9706.08
Utility 1,05/02/2022 05:00,9754.93
Utility 1,05/02/2022 06:00,10115.3
Utility 1,05/02/2022 07:00,11142.42
Utility 1,05/02/2022 08:00,11861.54
Utility 1,05/02/2022 09:00,12013.89
Utility 1,05/02/2022 10:00,12057.56
Utility 1,05/02/2022 11:00,12132.95
Utility 1,05/02/2022 12:00,12071.98
Utility 1,05/02/2022 13:00,12203.31
Utility 1,05/02/2022 14:00,12419.48
Utility 1,05/02/2022 15:00,12369.97
Utility 1,05/02/2022 16:00,12444.16
Utility 1,05/02/2022 17:00,12799.16
Utility 1,05/02/2022 18:00,13358.39
Utility 1,05/02/2022 19:00,13576.98
Utility 1,05/02/2022 20:00,13520.12
Utility 1,05/02/2022 21:00,13246.72
Utility 1,05/02/2022 22:00,12399.56
Utility 1,05/02/2022 23:00,11337.08
Utility 1,05/03/2022 00:00,10669.61
Utility 1,05/03/2022 01:00,10409.16
Utility 1,05/03/2022 02:00,10295.2
Utility 1,05/03/2022 03:00,10143.91
Utility 1,05/03/2022 04:00,10125.52
Utility 1,05/03/2022 05:00,10137.26
Utility 1,05/03/2022 06:00,10680.1
Utility 1,05/03/2022 07:00,11629.58
Utility 1,05/03/2022 08:00,12521.39
Utility 1,05/03/2022 09:00,12706.78
Utility 1,05/03/2022 10:00,12582.29
Utility 1,05/03/2022 11:00,12318.66
Utility 1,05/03/2022 12:00,12213.95
Utility 1,05/03/2022 13:00,12054.35
Utility 1,05/03/2022 14:00,11993.92
Utility 1,05/03/2022 15:00,11587.58
Utility 1,05/03/2022 16:00,11436.54
Utility 1,05/03/2022 17:00,11753.51
Utility 1,05/03/2022 18:00,12492.74
Utility 1,05/03/2022 19:00,12955.39
Utility 1,05/03/2022 20:00,13224.49
Utility 1,05/03/2022 21:00,13217.08
Utility 1,05/03/2022 22:00,12420.09
Utility 1,05/03/2022 23:00,11369.19
Utility 1,05/04/2022 00:00,10828.99
Utility 1,05/04/2022 01:00,10355.26
Utility 1,05/04/2022 02:00,10425.43
Utility 1,05/04/2022 03:00,10326.27
Utility 1,05/04/2022 04:00,10285.89
Utility 1,05/04/2022 05:00,10527.72
Utility 1,05/04/2022 06:00,10908.26
Utility 1,05/04/2022 07:00,11603.67
Utility 1,05/04/2022 08:00,12481.26
Utility 1,05/04/2022 09:00,12945.85
Utility 1,05/04/2022 10:00,13286.96
Utility 1,05/04/2022 11:00,13411.68
Utility 1,05/04/2022 12:00,13421.06
Utility 1,05/04/2022 13:00,13209.48
Utility 1,05/04/2022 14:00,12975.08
Utility 1,05/04/2022 15:00,12784.14
Utility 1,05/04/2022 16:00,12822.52
Utility 1,05/04/2022 17:00,13044.96
Utility 1,05/04/2022 18:00,13408.74
Utility 1,05/04/2022 19:00,13508.34
Utility 1,05/04/2022 20:00,13467.32
Utility 1,05/04/2022 21:00,13309.62
Utility 1,05/04/2022 22:00,12506.49
Utility 1,05/04/2022 23:00,11446.2
Utility 1,05/05/2022 00:00,10741.78
Utility 1,05/05/2022 01:00,10169.34
Utility 1,05/05/2022 02:00,9803.49
Utility 1,05/05/2022 03:00,9825.23
Utility 1,05/05/2022 04:00,9839.92
Utility 1,05/05/2022 05:00,9855.12
Utility 1,05/05/2022 06:00,10349.85
Utility 1,05/05/2022 07:00,11420.2
Utility 1,05/05/2022 08:00,11634.88
Utility 1,05/05/2022 09:00,10896.36
Utility 1,05/05/2022 10:00,10343.99
Utility 1,05/05/2022 11:00,10029.21
Utility 1,05/05/2022 12:00,9886.14
Utility 1,05/05/2022 13:00,9731.43
Utility 1,05/05/2022 14:00,9792.43
Utility 1,05/05/2022 15:00,9964.44
Utility 1,05/05/2022 16:00,10423.19
Utility 1,05/05/2022 17:00,10941.28
Utility 1,05/05/2022 18:00,11661.36
Utility 1,05/05/2022 19:00,12344.69
Utility 1,05/05/2022 20:00,12766.49
Utility 1,05/05/2022 21:00,12938.03
Utility 1,05/05/2022 22:00,12241.72
Utility 1,05/05/2022 23:00,11207.84
Utility 1,05/06/2022 00:00,10248.06
Utility 1,05/06/2022 01:00,9604.52
Utility 1,05/06/2022 02:00,9222.15
Utility 1,05/06/2022 03:00,9021.77
Utility 1,05/06/2022 04:00,8990.74
Utility 1,05/06/2022 05:00,9246.84
Utility 1,05/06/2022 06:00,9967.82
Utility 1,05/06/2022 07:00,11054.84
Utility 1,05/06/2022 08:00,11660.47
Utility 1,05/06/2022 09:00,11662.89
Utility 1,05/06/2022 10:00,11259.27
Utility 1,05/06/2022 11:00,10821.28
Utility 1,05/06/2022 12:00,11079.65
Utility 1,05/06/2022 13:00,11044.29
Utility 1,05/06/2022 14:00,11136.37
Utility 1,05/06/2022 15:00,11479.47
Utility 1,05/06/2022 16:00,11546.59
Utility 1,05/06/2022 17:00,11831.53
Utility 1,05/06/2022 18:00,12221.56
Utility 1,05/06/2022 19:00,12376.2
Utility 1,05/06/2022 20:00,12509.77
Utility 1,05/06/2022 21:00,12519.48
Utility 1,05/06/2022 22:00,11936.84
Utility 1,05/06/2022 23:00,11101.11
Utility 1,05/07/2022 00:00,10236.31
Utility 1,05/07/2022 01:00,9606.58
Utility 1,05/07/2022 02:00,9238.33
Utility 1,05/07/2022 03:00,9265.34
Utility 1,05/07/2022 04:00,9182.67
Utility 1,05/07/2022 05:00,9285.34
Utility 1,05/07/2022 06:00,9593.83
Utility 1,05/07/2022 07:00,9792.38
Utility 1,05/07/2022 08:00,10256.67
Utility 1,05/07/2022 09:00,10545.96
Utility 1,05/07/2022 10:00,10578.19
Utility 1,05/07/2022 11:00,10805.34
Utility 1,05/07/2022 12:00,10846.03
Utility 1,05/07/2022 13:00,10513.76
Utility 1,05/07/2022 14:00,10247.31
Utility 1,05/07/2022 15:00,10248.64
Utility 1,05/07/2022 16:00,10437.24
Utility 1,05/07/2022 17:00,10853.24
Utility 1,05/07/2022 18:00,11338.06
Utility 1,05/07/2022 19:00,11872.29
Utility 1,05/07/2022 20:00,12195.12
Utility 1,05/07/2022 21:00,12338.41
Utility 1,05/07/2022 22:00,11860.18
Utility 1,05/07/2022 23:00,11124.34
Utility 1,05/08/2022 00:00,10365.39
Utility 1,05/08/2022 01:00,9796.35
Utility 1,05/08/2022 02:00,9417.78
Utility 1,05/08/2022 03:00,9204.79
Utility 1,05/08/2022 04:00,9128.61
Utility 1,05/08/2022 05:00,9204.68
Utility 1,05/08/2022 06:00,9392.45
Utility 1,05/08/2022 07:00,9546.69
Utility 1,05/08/2022 08:00,9796.86
Utility 1,05/08/2022 09:00,9651.58
Utility 1,05/08/2022 10:00,9237.41
Utility 1,05/08/2022 11:00,8966.15
Utility 1,05/08/2022 12:00,8925.92
Utility 1,05/08/2022 13:00,8942.01
Utility 1,05/08/2022 14:00,8710.1
Utility 1,05/08/2022 15:00,8798.3
Utility 1,05/08/2022 16:00,9154.48
Utility 1,05/08/2022 17:00,9903.34
Utility 1,05/08/2022 18:00,10442.06
Utility 1,05/08/2022 19:00,11371.25
Utility 1,05/08/2022 20:00,11989.0
Utility 1,05/08/2022 21:00,12328.43
Utility 1,05/08/2022 22:00,11836.16
Utility 1,05/08/2022 23:00,10950.23
Utility 1,05/09/2022 00:00,10122.26
Utility 1,05/09/2022 01:00,9601.06
Utility 1,05/09/2022 02:00,9332.37
Utility 1,05/09/2022 03:00,9232.11
Utility 1,05/09/2022 04:00,9288.98
Utility 1,05/09/2022 05:00,9661.16
Utility 1,05/09/2022 06:00,10515.15
Utility 1,05/09/2022 07:00,11625.87
Utility 1,05/09/2022 08:00,11796.29
Utility 1,05/09/2022 09:00,10975.4
Utility 1,05/09/2022 10:00,10488.98
Utility 1,05/09/2022 11:00,10351.58
Utility 1,05/09/2022 12:00,10066.17
Utility 1,05/09/2022 13:00,10158.81
Utility 1,05/09/2022 14:00,10035.52
Utility 1,05/09/2022 15:00,9907.28
Utility 1,05/09/2022 16:00,10105.74
Utility 1,05/09/2022 17:00,10478.81
Utility 1,05/09/2022 18:00,11351.36
Utility 1,05/09/2022 19:00,12417.22
Utility 1,05/09/2022 20:00,12890.57
Utility 1,05/09/2022 21:00,13057.72
Utility 1,05/09/2022 22:00,12341.76
Utility 1,05/09/2022 23:00,11278.82
Utility 1,05/10/2022 00:00,10362.26
Utility 1,05/10/2022 01:00,9948.99
Utility 1,05/10/2022 02:00,9376.31
Utility 1,05/10/2022 03:00,9402.68
Utility 1,05/10/2022 04:00,9507.86
Utility 1,05/10/2022 05:00,9570.28
Utility 1,05/10/2022 06:00,10331.4
Utility 1,05/10/2022 07:00,11412.38
Utility 1,05/10/2022 08:00,11539.18
Utility 1,05/10/2022 09:00,10750.91
Utility 1,05/10/2022 10:00,10134.88
Utility 1,05/10/2022 11:00,10012.8
Utility 1,05/10/2022 12:00,9926.08
Utility 1,05/10/2022 13:00,10150.08
Utility 1,05/10/2022 14:00,10079.69
Utility 1,05/10/2022 15:00,9937.11
Utility 1,05/10/2022 16:00,9922.07
Utility 1,05/10/2022 17:00,10428.01
Utility 1,05/10/2022 18:00,11344.77
Utility 1,05/10/2022 19:00,12364.72
Utility 1,05/10/2022 20:00,12815.25
Utility 1,05/10/2022 21:00,12944.18
Utility 1,05/10/2022 22:00,12302.88
Utility 1,05/10/2022 23:00,11207.93
Utility 1,05/11/2022 00:00,10242.05
Utility 1,05/11/2022 01:00,9637.13
Utility 1,05/11/2022 02:00,9300.49
Utility 1,05/11/2022 03:00,9402.65
Utility 1,05/11/2022 04:00,9394.76
Utility 1,05/11/2022 05:00,9467.18
Utility 1,05/11/2022 06:00,10184.3
Utility 1,05/11/2022 07:00,11306.31
Utility 1,05/11/2022 08:00,11702.07
Utility 1,05/11/2022 09:00,11213.75
Utility 1,05/11/2022 10:00,10642.41
Utility 1,05/11/2022 11:00,10527.1
Utility 1,05/11/2022 12:00,10284.62
Utility 1,05/11/2022 13:00,9855.39
Utility 1,05/11/2022 14:00,10193.05
Utility 1,05/11/2022 15:00,10315.39
Utility 1,05/11/2022 16:00,10627.89
Utility 1,05/11/2022 17:00,11156.36
Utility 1,05/11/2022 18:00,12052.11
Utility 1,05/11/2022 19:00,12766.52
Utility 1,05/11/2022 20:00,13055.24
Utility 1,05/11/2022 21:00,13140.98
Utility 1,05/11/2022 22:00,12472.18
Utility 1,05/11/2022 23:00,11406.0
Utility 1,05/12/2022 00:00,10363.94
Utility 1,05/12/2022 01:00,9682.72
Utility 1,05/12/2022 02:00,9279.83
Utility 1,05/12/2022 03:00,9059.74
Utility 1,05/12/2022 04:00,9256.34
Utility 1,05/12/2022 05:00,9358.36
Utility 1,05/12/2022 06:00,9952.31
Utility 1,05/12/2022 07:00,11070.32
Utility 1,05/12/2022 08:00,11671.84
Utility 1,05/12/2022 09:00,11524.11
Utility 1,05/12/2022 10:00,11151.32
Utility 1,05/12/2022 11:00,10711.66
Utility 1,05/12/2022 12:00,10659.9
Utility 1,05/12/2022 13:00,10601.55
Utility 1,05/12/2022 14:00,10754.45
Utility 1,05/12/2022 15:00,10979.48
Utility 1,05/12/2022 16:00,11295.68
Utility 1,05/12/2022 17:00,11998.97
Utility 1,05/12/2022 18:00,12866.73
Utility 1,05/12/2022 19:00,13535.06
Utility 1,05/12/2022 20:00,13744.35
Utility 1,05/12/2022 21:00,13820.49
Utility 1,05/12/2022 22:00,13123.48
Utility 1,05/12/2022 23:00,11998.7
Utility 1,05/13/2022 00:00,10898.09
Utility 1,05/13/2022 01:00,10148.71
Utility 1,05/13/2022 02:00,9689.96
Utility 1,05/13/2022 03:00,9705.22
Utility 1,05/13/2022 04:00,9693.72
Utility 1,05/13/2022 05:00,9893.89
Utility 1,05/13/2022 06:00,10230.86
Utility 1,05/13/2022 07:00,11233.8
Utility 1,05/13/2022 08:00,12013.82
Utility 1,05/13/2022 09:00,12188.21
Utility 1,05/13/2022 10:00,11939.85
Utility 1,05/13/2022 11:00,11773.39
Utility 1,05/13/2022 12:00,11651.04
Utility 1,05/13/2022 13:00,12023.85
Utility 1,05/13/2022 14:00,12007.54
Utility 1,05/13/2022 15:00,12041.81
Utility 1,05/13/2022 16:00,12371.07
Utility 1,05/13/2022 17:00,13250.46
Utility 1,05/13/2022 18:00,14128.56
Utility 1,05/13/2022 19:00,14610.87
Utility 1,05/13/2022 20:00,14666.34
Utility 1,05/13/2022 21:00,14580.15
Utility 1,05/13/2022 22:00,13984.69
Utility 1,05/13/2022 23:00,12956.69
Utility 1,05/14/2022 00:00,11910.49
Utility 1,05/14/2022 01:00,11387.45
Utility 1,05/14/2022 02:00,10845.36
Utility 1,05/14/2022 03:00,10690.37
Utility 1,05/14/2022 04:00,10502.06
Utility 1,05/14/2022 05:00,10518.37
Utility 1,05/14/2022 06:00,10581.13
Utility 1,05/14/2022 07:00,10696.74
Utility 1,05/14/2022 08:00,10722.47
Utility 1,05/14/2022 09:00,10907.43
Utility 1,05/14/2022 10:00,11019.79
Utility 1,05/14/2022 11:00,11203.01
Utility 1,05/14/2022 12:00,11532.26
Utility 1,05/14/2022 13:00,11881.22
Utility 1,05/14/2022 14:00,12342.6
Utility 1,05/14/2022 15:00,12926.0
Utility 1,05/14/2022 16:00,13559.8
Utility 1,05/14/2022 17:00,14309.35
Utility 1,05/14/2022 18:00,14769.73
Utility 1,05/14/2022 19:00,14830.36
Utility 1,05/14/2022 20:00,14781.7
Utility 1,05/14/2022 21:00,14751.37
Utility 1,05/14/2022 22:00,14155.97
Utility 1,05/14/2022 23:00,13183.13
Utility 1,05/15/2022 00:00,12160.43
Utility 1,05/15/2022 01:00,11384.72
Utility 1,05/15/2022 02:00,11125.07
Utility 1,05/15/2022 03:00,10737.92
Utility 1,05/15/2022 04:00,10480.89
Utility 1,05/15/2022 05:00,10374.78
Utility 1,05/15/2022 06:00,10427.5
Utility 1,05/15/2022 07:00,10537.78
Utility 1,05/15/2022 08:00,10516.11
Utility 1,05/15/2022 09:00,10941.27
Utility 1,05/15/2022 10:00,11242.97
Utility 1,05/15/2022 11:00,11450.21
Utility 1,05/15/2022 12:00,11622.4
Utility 1,05/15/2022 13:00,11796.53
Utility 1,05/15/2022 14:00,11913.32
Utility 1,05/15/2022 15:00,12118.76
Utility 1,05/15/2022 16:00,12623.38
Utility 1,05/15/2022 17:00,13428.16
Utility 1,05/15/2022 18:00,14410.84
Utility 1,05/15/2022 19:00,14953.38
Utility 1,05/15/2022 20:00,14921.54
Utility 1,05/15/2022 21:00,14745.75
Utility 1,05/15/2022 22:00,13936.35
Utility 1,05/15/2022 23:00,12749.82
Utility 1,05/16/2022 00:00,11597.95
Utility 1,05/16/2022 01:00,11082.0
Utility 1,05/16/2022 02:00,10604.6
Utility 1,05/16/2022 03:00,10305.08
Utility 1,05/16/2022 04:00,10191.71
Utility 1,05/16/2022 05:00,10402.57
Utility 1,05/16/2022 06:00,11050.22
Utility 1,05/16/2022 07:00,11914.28
Utility 1,05/16/2022 08:00,12522.92
Utility 1,05/16/2022 09:00,12557.43
Utility 1,05/16/2022 10:00,12329.49
Utility 1,05/16/2022 11:00,12349.76
Utility 1,05/16/2022 12:00,12725.94
Utility 1,05/16/2022 13:00,13382.43
Utility 1,05/16/2022 14:00,13906.67
Utility 1,05/16/2022 15:00,14097.3
Utility 1,05/16/2022 16:00,14315.24
Utility 1,05/16/2022 17:00,15010.24
Utility 1,05/16/2022 18:00,15631.15
Utility 1,05/16/2022 19:00,15660.21
Utility 1,05/16/2022 20:00,15309.57
Utility 1,05/16/2022 21:00,14974.92
Utility 1,05/16/2022 22:00,14034.64
Utility 1,05/16/2022 23:00,12767.54
Utility 1,05/17/2022 00:00,11647.83
Utility 1,05/17/2022 01:00,11106.95
Utility 1,05/17/2022 02:00,10555.68
Utility 1,05/17/2022 03:00,10123.77
Utility 1,05/17/2022 04:00,9939.9
Utility 1,05/17/2022 05:00,10065.6
Utility 1,05/17/2022 06:00,10561.82
Utility 1,05/17/2022 07:00,11286.64
Utility 1,05/17/2022 08:00,11683.6
Utility 1,05/17/2022 09:00,11263.12
Utility 1,05/17/2022 10:00,10758.64
Utility 1,05/17/2022 11:00,10716.49
Utility 1,05/17/2022 12:00,11121.35
Utility 1,05/17/2022 13:00,11823.15
Utility 1,05/17/2022 14:00,11973.58
Utility 1,05/17/2022 15:00,11821.26
Utility 1,05/17/2022 16:00,11986.83
Utility 1,05/17/2022 17:00,12440.44
Utility 1,05/17/2022 18:00,13094.8
Utility 1,05/17/2022 19:00,13564.82
Utility 1,05/17/2022 20:00,13637.01
Utility 1,05/17/2022 21:00,13571.12
Utility 1,05/17/2022 22:00,12801.34
Utility 1,05/17/2022 23:00,11663.05
Utility 1,05/18/2022 00:00,10606.5
Utility 1,05/18/2022 01:00,9884.22
Utility 1,05/18/2022 02:00,9439.17
Utility 1,05/18/2022 03:00,9486.23
Utility 1,05/18/2022 04:00,9424.13
Utility 1,05/18/2022 05:00,9657.43
Utility 1,05/18/2022 06:00,10038.06
Utility 1,05/18/2022 07:00,10950.7
Utility 1,05/18/2022 08:00,11255.01
Utility 1,05/18/2022 09:00,10686.92
Utility 1,05/18/2022 10:00,10033.18
Utility 1,05/18/2022 11:00,9962.36
Utility 1,05/18/2022 12:00,9909.9
Utility 1,05/18/2022 13:00,9924.58
Utility 1,05/18/2022 14:00,9904.61
Utility 1,05/18/2022 15:00,10091.72
Utility 1,05/18/2022 16:00,10580.17
Utility 1,05/18/2022 17:00,11456.62
Utility 1,05/18/2022 18:00,12611.67
Utility 1,05/18/2022 19:00,13159.83
Utility 1,05/18/2022 20:00,13305.96
Utility 1,05/18/2022 21:00,13370.43
Utility 1,05/18/2022 22:00,12643.05
Utility 1,05/18/2022 23:00,11535.34
Utility 1,05/19/2022 00:00,10528.46
Utility 1,05/19/2022 01:00,10140.52
Utility 1,05/19/2022 02:00,9746.17
Utility 1,05/19/2022 03:00,9541.58
Utility 1,05/19/2022 04:00,9489.2
Utility 1,05/19/2022 05:00,9714.1
Utility 1,05/19/2022 06:00,10305.96
Utility 1,05/19/2022 07:00,11230.1
Utility 1,05/19/2022 08:00,12200.24
Utility 1,05/19/2022 09:00,12670.48
Utility 1,05/19/2022 10:00,12959.86
Utility 1,05/19/2022 11:00,13117.8
Utility 1,05/19/2022 12:00,13199.0
Utility 1,05/19/2022 13:00,13205.59
Utility 1,05/19/2022 14:00,13116.64
Utility 1,05/19/2022 15:00,12934.0
Utility 1,05/19/2022 16:00,12897.92
Utility 1,05/19/2022 17:00,13058.87
Utility 1,05/19/2022 18:00,13351.56
Utility 1,05/19/2022 19:00,13346.18
Utility 1,05/19/2022 20:00,13279.92
Utility 1,05/19/2022 21:00,13191.37
Utility 1,05/19/2022 22:00,12492.34
Utility 1,05/19/2022 23:00,11484.05
Utility 1,05/20/2022 00:00,10783.63
Utility 1,05/20/2022 01:00,10160.5
Utility 1,05/20/2022 02:00,9734.06
Utility 1,05/20/2022 03:00,9520.94
Utility 1,05/20/2022 04:00,9462.32
Utility 1,05/20/2022 05:00,9693.45
Utility 1,05/20/2022 06:00,10116.86
Utility 1,05/20/2022 07:00,11033.51
Utility 1,05/20/2022 08:00,11728.57
Utility 1,05/20/2022 09:00,11905.32
Utility 1,05/20/2022 10:00,11746.27
Utility 1,05/20/2022 11:00,11047.14
Utility 1,05/20/2022 12:00,10582.04
Utility 1,05/20/2022 13:00,10380.32
Utility 1,05/20/2022 14:00,10531.73
Utility 1,05/20/2022 15:00,10740.72
Utility 1,05/20/2022 16:00,11183.97
Utility 1,05/20/2022 17:00,11823.52
Utility 1,05/20/2022 18:00,12645.45
Utility 1,05/20/2022 19:00,13104.81
Utility 1,05/20/2022 20:00,13254.02
Utility 1,05/20/2022 21:00,13321.03
Utility 1,05/20/2022 22:00,12787.88
Utility 1,05/20/2022 23:00,12111.02
Utility 1,05/21/2022 00:00,11231.32
Utility 1,05/21/2022 01:00,11012.6
Utility 1,05/21/2022 02:00,10592.15
Utility 1,05/21/2022 03:00,10612.18
Utility 1,05/21/2022 04:00,10516.94
Utility 1,05/21/2022 05:00,10573.14
Utility 1,05/21/2022 06:00,10513.84
Utility 1,05/21/2022 07:00,10917.75
Utility 1,05/21/2022 08:00,11546.62
Utility 1,05/21/2022 09:00,11902.44
Utility 1,05/21/2022 10:00,12075.64
Utility 1,05/21/2022 11:00,11502.34
Utility 1,05/21/2022 12:00,10964.39
Utility 1,05/21/2022 13:00,10760.18
Utility 1,05/21/2022 14:00,11275.52
Utility 1,05/21/2022 15:00,12145.79
Utility 1,05/21/2022 16:00,13267.95
Utility 1,05/21/2022 17:00,14499.32
Utility 1,05/21/2022 18:00,15543.65
Utility 1,05/21/2022 19:00,16032.8
Utility 1,05/21/2022 20:00,15873.15
Utility 1,05/21/2022 21:00,15619.81
Utility 1,05/21/2022 22:00,14899.13
Utility 1,05/21/2022 23:00,13826.1
Utility 1,05/22/2022 00:00,12958.13
Utility 1,05/22/2022 01:00,12072.63
Utility 1,05/22/2022 02:00,11728.32
Utility 1,05/22/2022 03:00,11585.76
Utility 1,05/22/2022 04:00,11273.54
Utility 1,05/22/2022 05:00,11132.22
Utility 1,05/22/2022 06:00,11062.18
Utility 1,05/22/2022 07:00,11189.7
Utility 1,05/22/2022 08:00,11519.06
Utility 1,05/22/2022 09:00,11328.11
Utility 1,05/22/2022 10:00,11925.9
Utility 1,05/22/2022 11:00,12828.12
Utility 1,05/22/2022 12:00,13755.29
Utility 1,05/22/2022 13:00,14592.8
Utility 1,05/22/2022 14:00,14982.33
Utility 1,05/22/2022 15:00,15460.33
Utility 1,05/22/2022 16:00,16280.17
Utility 1,05/22/2022 17:00,17362.97
Utility 1,05/22/2022 18:00,18285.75
Utility 1,05/22/2022 19:00,18556.15
Utility 1,05/22/2022 20:00,18267.98
Utility 1,05/22/2022 21:00,17778.05
Utility 1,05/22/2022 22:00,16581.54
Utility 1,05/22/2022 23:00,14986.93
Utility 1,05/23/2022 00:00,13569.25
Utility 1,05/23/2022 01:00,12501.0
Utility 1,05/23/2022 02:00,11797.76
Utility 1,05/23/2022 03:00,11576.87
Utility 1,05/23/2022 04:00,11223.18
Utility 1,05/23/2022 05:00,11181.92
Utility 1,05/23/2022 06:00,11551.34
Utility 1,05/23/2022 07:00,11945.19
Utility 1,05/23/2022 08:00,12327.28
Utility 1,05/23/2022 09:00,12097.96
Utility 1,05/23/2022 10:00,11659.38
Utility 1,05/23/2022 11:00,11296.17
Utility 1,05/23/2022 12:00,11495.78
Utility 1,05/23/2022 13:00,11490.66
Utility 1,05/23/2022 14:00,11461.73
Utility 1,05/23/2022 15:00,11566.3
Utility 1,05/23/2022 16:00,12131.0
Utility 1,05/23/2022 17:00,13085.03
Utility 1,05/23/2022 18:00,13886.65
Utility 1,05/23/2022 19:00,14243.66
Utility 1,05/23/2022 20:00,14220.89
Utility 1,05/23/2022 21:00,14161.98
Utility 1,05/23/2022 22:00,13389.55
Utility 1,05/23/2022 23:00,12168.91
Utility 1,05/24/2022 00:00,11018.04
Utility 1,05/24/2022 01:00,10271.31
Utility 1,05/24/2022 02:00,10065.2
Utility 1,05/24/2022 03:00,9796.1
Utility 1,05/24/2022 04:00,9654.84
Utility 1,05/24/2022 05:00,9539.74
Utility 1,05/24/2022 06:00,10120.18
Utility 1,05/24/2022 07:00,11030.14
Utility 1,05/24/2022 08:00,11526.65
Utility 1,05/24/2022 09:00,11297.24
Utility 1,05/24/2022 10:00,10695.65
Utility 1,05/24/2022 11:00,10348.38
Utility 1,05/24/2022 12:00,10130.29
Utility 1,05/24/2022 13:00,10293.53
Utility 1,05/24/2022 14:00,10462.64
Utility 1,05/24/2022 15:00,10691.02
Utility 1,05/24/2022 16:00,11203.41
Utility 1,05/24/2022 17:00,11955.77
Utility 1,05/24/2022 18:00,12701.66
Utility 1,05/24/2022 19:00,13262.68
Utility 1,05/24/2022 20:00,13388.71
Utility 1,05/24/2022 21:00,13380.64
Utility 1,05/24/2022 22:00,12723.91
Utility 1,05/24/2022 23:00,11589.07
Utility 1,05/25/2022 00:00,10700.36
Utility 1,05/25/2022 01:00,10177.58
Utility 1,05/25/2022 02:00,9754.25
Utility 1,05/25/2022 03:00,9513.06
Utility 1,05/25/2022 04:00,9448.85
Utility 1,05/25/2022 05:00,9704.85
Utility 1,05/25/2022 06:00,10258.38
Utility 1,05/25/2022 07:00,10921.67
Utility 1,05/25/2022 08:00,11329.95
Utility 1,05/25/2022 09:00,10970.79
Utility 1,05/25/2022 10:00,10450.46
Utility 1,05/25/2022 11:00,10413.13
Utility 1,05/25/2022 12:00,10433.66
Utility 1,05/25/2022 13:00,10511.48
Utility 1,05/25/2022 14:00,10797.65
Utility 1,05/25/2022 15:00,10797.96
Utility 1,05/25/2022 16:00,11255.48
Utility 1,05/25/2022 17:00,12024.38
Utility 1,05/25/2022 18:00,12948.19
Utility 1,05/25/2022 19:00,13481.24
Utility 1,05/25/2022 20:00,13570.58
Utility 1,05/25/2022 21:00,13563.07
Utility 1,05/25/2022 22:00,12881.16
Utility 1,05/25/2022 23:00,11735.87
Utility 1,05/26/2022 00:00,10669.9
Utility 1,05/26/2022 01:00,10262.74
Utility 1,05/26/2022 02:00,9803.21
Utility 1,05/26/2022 03:00,9565.21
Utility 1,05/26/2022 04:00,9507.57
Utility 1,05/26/2022 05:00,9725.58
Utility 1,05/26/2022 06:00,10250.97
Utility 1,05/26/2022 07:00,10943.43
Utility 1,05/26/2022 08:00,11557.01
Utility 1,05/26/2022 09:00,11399.16
Utility 1,05/26/2022 10:00,10954.79
Utility 1,05/26/2022 11:00,10812.24
Utility 1,05/26/2022 12:00,10786.56
Utility 1,05/26/2022 13:00,10711.94
Utility 1,05/26/2022 14:00,10860.97
Utility 1,05/26/2022 15:00,11067.14
Utility 1,05/26/2022 16:00,11150.87
Utility 1,05/26/2022 17:00,12042.09
Utility 1,05/26/2022 18:00,12965.25
Utility 1,05/26/2022 19:00,13441.86
Utility 1,05/26/2022 20:00,13610.96
Utility 1,05/26/2022 21:00,13685.78
Utility 1,05/26/2022 22:00,13136.54
Utility 1,05/26/2022 23:00,12101.82
Utility 1,05/27/2022 00:00,11084.15
Utility 1,05/27/2022 01:00,10717.96
Utility 1,05/27/2022 02:00,10278.76
Utility 1,05/27/2022 03:00,10051.43
Utility 1,05/27/2022 04:00,9983.3
Utility 1,05/27/2022 05:00,10204.39
Utility 1,05/27/2022 06:00,10819.6
Utility 1,05/27/2022 07:00,11658.23
Utility 1,05/27/2022 08:00,12661.55
Utility 1,05/27/2022 09:00,13113.21
Utility 1,05/27/2022 10:00,13329.28
Utility 1,05/27/2022 11:00,13509.95
Utility 1,05/27/2022 12:00,13529.53
Utility 1,05/27/2022 13:00,13383.71
Utility 1,05/27/2022 14:00,13504.07
Utility 1,05/27/2022 15:00,13651.8
Utility 1,05/27/2022 16:00,14259.52
Utility 1,05/27/2022 17:00,15159.68
Utility 1,05/27/2022 18:00,15679.9
Utility 1,05/27/2022 19:00,15565.56
Utility 1,05/27/2022 20:00,15308.76
Utility 1,05/27/2022 21:00,15079.8
Utility 1,05/27/2022 22:00,14377.54
Utility 1,05/27/2022 23:00,13343.92
Utility 1,05/28/2022 00:00,12324.71
Utility 1,05/28/2022 01:00,11732.5
Utility 1,05/28/2022 02:00,11201.46
Utility 1,05/28/2022 03:00,10938.13
Utility 1,05/28/2022 04:00,10910.1
Utility 1,05/28/2022 05:00,10895.75
Utility 1,05/28/2022 06:00,10993.71
Utility 1,05/28/2022 07:00,11277.21
Utility 1,05/28/2022 08:00,11719.63
Utility 1,05/28/2022 09:00,11887.26
Utility 1,05/28/2022 10:00,12510.49
Utility 1,05/28/2022 11:00,12514.39
Utility 1,05/28/2022 12:00,12590.3
Utility 1,05/28/2022 13:00,12661.86
Utility 1,05/28/2022 14:00,12970.76
Utility 1,05/28/2022 15:00,13228.22
Utility 1,05/28/2022 16:00,13275.14
Utility 1,05/28/2022 17:00,13268.49
Utility 1,05/28/2022 18:00,13415.86
Utility 1,05/28/2022 19:00,13614.15
Utility 1,05/28/2022 20:00,13546.18
Utility 1,05/28/2022 21:00,13508.17
Utility 1,05/28/2022 22:00,13092.89
Utility 1,05/28/2022 23:00,12227.19
Utility 1,05/29/2022 00:00,11430.59
Utility 1,05/29/2022 01:00,10738.77
Utility 1,05/29/2022 02:00,10160.87
Utility 1,05/29/2022 03:00,9766.42
Utility 1,05/29/2022 04:00,9560.77
Utility 1,05/29/2022 05:00,9503.52
Utility 1,05/29/2022 06:00,9436.43
Utility 1,05/29/2022 07:00,9547.76
Utility 1,05/29/2022 08:00,9985.64
Utility 1,05/29/2022 09:00,9737.96
Utility 1,05/29/2022 10:00,9906.87
Utility 1,05/29/2022 11:00,9757.52
Utility 1,05/29/2022 12:00,9956.49
Utility 1,05/29/2022 13:00,10157.95
Utility 1,05/29/2022 14:00,10322.66
Utility 1,05/29/2022 15:00,10662.86
Utility 1,05/29/2022 16:00,11232.99
Utility 1,05/29/2022 17:00,12154.29
Utility 1,05/29/2022 18:00,13199.22
Utility 1,05/29/2022 19:00,13669.05
Utility 1,05/29/2022 20:00,13682.48
Utility 1,05/29/2022 21:00,13504.39
Utility 1,05/29/2022 22:00,13068.44
Utility 1,05/29/2022 23:00,12213.06
Utility 1,05/30/2022 00:00,11264.56
Utility 1,05/30/2022 01:00,10487.88
Utility 1,05/30/2022 02:00,9909.62
Utility 1,05/30/2022 03:00,9765.96
Utility 1,05/30/2022 04:00,9719.14
Utility 1,05/30/2022 05:00,9712.05
Utility 1,05/30/2022 06:00,9757.65
Utility 1,05/30/2022 07:00,9849.49
Utility 1,05/30/2022 08:00,9917.04
Utility 1,05/30/2022 09:00,10108.74
Utility 1,05/30/2022 10:00,10372.65
Utility 1,05/30/2022 11:00,10726.98
Utility 1,05/30/2022 12:00,11205.58
Utility 1,05/30/2022 13:00,11795.16
Utility 1,05/30/2022 14:00,12420.67
Utility 1,05/30/2022 15:00,13039.27
Utility 1,05/30/2022 16:00,14018.16
Utility 1,05/30/2022 17:00,15374.32
Utility 1,05/30/2022 18:00,16646.99
Utility 1,05/30/2022 19:00,17244.67
Utility 1,05/30/2022 20:00,17130.01
Utility 1,05/30/2022 21:00,16874.95
Utility 1,05/30/2022 22:00,16103.62
Utility 1,05/30/2022 23:00,14709.46
Utility 1,05/31/2022 00:00,13404.56
Utility 1,05/31/2022 01:00,12569.2
Utility 1,05/31/2022 02:00,12165.8
Utility 1,05/31/2022 03:00,11788.8
Utility 1,05/31/2022 04:00,11814.34
Utility 1,05/31/2022 05:00,12035.86
Utility 1,05/31/2022 06:00,12316.75
Utility 1,05/31/2022 07:00,13232.38
Utility 1,05/31/2022 08:00,14227.69
Utility 1,05/31/2022 09:00,14555.22
Utility 1,05/31/2022 10:00,14538.02
Utility 1,05/31/2022 11:00,14418.07
Utility 1,05/31/2022 12:00,14710.12
Utility 1,05/31/2022 13:00,14655.04
Utility 1,05/31/2022 14:00,14717.31
Utility 1,05/31/2022 15:00,14902.89
Utility 1,05/31/2022 16:00,15316.98
Utility 1,05/31/2022 17:00,15974.96
Utility 1,05/31/2022 18:00,16523.91
Utility 1,05/31/2022 19:00,16521.99
Utility 1,05/31/2022 20:00,16056.52
Utility 1,05/31/2022 21:00,15528.37
Utility 1,05/31/2022 22:00,14551.38
Utility 1,05/31/2022 23:00,13121.18
Utility 1,06/01/2022 00:00,11824.52
Utility 1,06/01/2022 01:00,11203.83
Utility 1,06/01/2022 02:00,10951.48
Utility 1,06/01/2022 03:00,10878.81
Utility 1,06/01/2022 04:00,10783.99
Utility 1,06/01/2022 05:00,10937.42
Utility 1,06/01/2022 06:00,10936.71
Utility 1,06/01/2022 07:00,11669.7
Utility 1,06/01/2022 08:00,12447.68
Utility 1,06/01/2022 09:00,12637.96
Utility 1,06/01/2022 10:00,12605.69
Utility 1,06/01/2022 11:00,12654.72
Utility 1,06/01/2022 12:00,12753.71
Utility 1,06/01/2022 13:00,12706.97
Utility 1,06/01/2022 14:00,13017.8
Utility 1,06/01/2022 15:00,13253.11
Utility 1,06/01/2022 16:00,12997.02
Utility 1,06/01/2022 17:00,13182.16
Utility 1,06/01/2022 18:00,13484.77
Utility 1,06/01/2022 19:00,13666.83
Utility 1,06/01/2022 20:00,13617.59
Utility 1,06/01/2022 21:00,13484.79
Utility 1,06/01/2022 22:00,12833.23
Utility 1,06/01/2022 23:00,11740.17
Utility 1,06/02/2022 00:00,10730.33
Utility 1,06/02/2022 01:00,10270.86
Utility 1,06/02/2022 02:00,10507.05
Utility 1,06/02/2022 03:00,10339.68
Utility 1,06/02/2022 04:00,10301.97
Utility 1,06/02/2022 05:00,10441.31
Utility 1,06/02/2022 06:00,10584.33
Utility 1,06/02/2022 07:00,11490.72
Utility 1,06/02/2022 08:00,12394.09
Utility 1,06/02/2022 09:00,12666.13
Utility 1,06/02/2022 10:00,12606.75
Utility 1,06/02/2022 11:00,12354.89
Utility 1,06/02/2022 12:00,12083.68
Utility 1,06/02/2022 13:00,12486.05
Utility 1,06/02/2022 14:00,13056.26
Utility 1,06/02/2022 15:00,13039.29
Utility 1,06/02/2022 16:00,13282.11
Utility 1,06/02/2022 17:00,13710.52
Utility 1,06/02/2022 18:00,14046.37
Utility 1,06/02/2022 19:00,14068.46
Utility 1,06/02/2022 20:00,14001.9
Utility 1,06/02/2022 21:00,13955.89
Utility 1,06/02/2022 22:00,13361.92
Utility 1,06/02/2022 23:00,12264.75
Utility 1,06/03/2022 00:00,11254.66
Utility 1,06/03/2022 01:00,10896.01
Utility 1,06/03/2022 02:00,10847.28
Utility 1,06/03/2022 03:00,10588.84
Utility 1,06/03/2022 04:00,10487.53
Utility 1,06/03/2022 05:00,10660.14
Utility 1,06/03/2022 06:00,10987.48
Utility 1,06/03/2022 07:00,11554.94
Utility 1,06/03/2022 08:00,12438.94
Utility 1,06/03/2022 09:00,12925.15
Utility 1,06/03/2022 10:00,12992.89
Utility 1,06/03/2022 11:00,12861.45
Utility 1,06/03/2022 12:00,12558.9
Utility 1,06/03/2022 13:00,12290.7
Utility 1,06/03/2022 14:00,12189.37
Utility 1,06/03/2022 15:00,12228.12
Utility 1,06/03/2022 16:00,12459.25
Utility 1,06/03/2022 17:00,12908.36
Utility 1,06/03/2022 18:00,13577.86
Utility 1,06/03/2022 19:00,13996.32
Utility 1,06/03/2022 20:00,13944.02
Utility 1,06/03/2022 21:00,13791.53
Utility 1,06/03/2022 22:00,13257.43
Utility 1,06/03/2022 23:00,12284.92
Utility 1,06/04/2022 00:00,11302.7
Utility 1,06/04/2022 01:00,10537.63
Utility 1,06/04/2022 02:00,10612.59
Utility 1,06/04/2022 03:00,10361.2
Utility 1,06/04/2022 04:00,10004.29
Utility 1,06/04/2022 05:00,9999.27
Utility 1,06/04/2022 06:00,9913.98
Utility 1,06/04/2022 07:00,10248.94
Utility 1,06/04/2022 08:00,10396.37
Utility 1,06/04/2022 09:00,10652.19
Utility 1,06/04/2022 10:00,10590.02
Utility 1,06/04/2022 11:00,10292.06
Utility 1,06/04/2022 12:00,10037.98
Utility 1,06/04/2022 13:00,10090.47
Utility 1,06/04/2022 14:00,10354.53
Utility 1,06/04/2022 15:00,10683.21
Utility 1,06/04/2022 16:00,11247.49
Utility 1,06/04/2022 17:00,12013.04
Utility 1,06/04/2022 18:00,12899.25
Utility 1,06/04/2022 19:00,13553.38
Utility 1,06/04/2022 20:00,13573.54
Utility 1,06/04/2022 21:00,13371.14
Utility 1,06/04/2022 22:00,12903.58
Utility 1,06/04/2022 23:00,11990.56
Utility 1,06/05/2022 00:00,10980.98
Utility 1,06/05/2022 01:00,10163.31
Utility 1,06/05/2022 02:00,9652.93
Utility 1,06/05/2022 03:00,9619.0
Utility 1,06/05/2022 04:00,9415.92
Utility 1,06/05/2022 05:00,9619.33
Utility 1,06/05/2022 06:00,9592.91
Utility 1,06/05/2022 07:00,9663.92
Utility 1,06/05/2022 08:00,9705.58
Utility 1,06/05/2022 09:00,9647.01
Utility 1,06/05/2022 10:00,9618.23
Utility 1,06/05/2022 11:00,9737.84
Utility 1,06/05/2022 12:00,9796.41
Utility 1,06/05/2022 13:00,9775.65
Utility 1,06/05/2022 14:00,9728.02
Utility 1,06/05/2022 15:00,10063.91
Utility 1,06/05/2022 16:00,10660.36
Utility 1,06/05/2022 17:00,11512.72
Utility 1,06/05/2022 18:00,12679.3
Utility 1,06/05/2022 19:00,13505.02
Utility 1,06/05/2022 20:00,13670.07
Utility 1,06/05/2022 21:00,13524.81
Utility 1,06/05/2022 22:00,12980.57
Utility 1,06/05/2022 23:00,11859.57
Utility 1,06/06/2022 00:00,10961.71
Utility 1,06/06/2022 01:00,10728.4
Utility 1,06/06/2022 02:00,10287.94
Utility 1,06/06/2022 03:00,10344.66
Utility 1,06/06/2022 04:00,10311.56
Utility 1,06/06/2022 05:00,10529.14
Utility 1,06/06/2022 06:00,11094.3
Utility 1,06/06/2022 07:00,11572.9
Utility 1,06/06/2022 08:00,11611.04
Utility 1,06/06/2022 09:00,11500.58
Utility 1,06/06/2022 10:00,11277.85
Utility 1,06/06/2022 11:00,11208.51
Utility 1,06/06/2022 12:00,11364.06
Utility 1,06/06/2022 13:00,11661.59
Utility 1,06/06/2022 14:00,12261.2
Utility 1,06/06/2022 15:00,12816.17
Utility 1,06/06/2022 16:00,13434.0
Utility 1,06/06/2022 17:00,14263.42
Utility 1,06/06/2022 18:00,15062.94
Utility 1,06/06/2022 19:00,15310.66
Utility 1,06/06/2022 20:00,15193.47
Utility 1,06/06/2022 21:00,14974.81
Utility 1,06/06/2022 22:00,14277.05
Utility 1,06/06/2022 23:00,12999.65
Utility 1,06/07/2022 00:00,11773.23
Utility 1,06/07/2022 01:00,11203.25
Utility 1,06/07/2022 02:00,10717.0
Utility 1,06/07/2022 03:00,10531.41
Utility 1,06/07/2022 04:00,10370.62
Utility 1,06/07/2022 05:00,10506.1
Utility 1,06/07/2022 06:00,10494.25
Utility 1,06/07/2022 07:00,11541.35
Utility 1,06/07/2022 08:00,12168.2
Utility 1,06/07/2022 09:00,12102.85
Utility 1,06/07/2022 10:00,11848.57
Utility 1,06/07/2022 11:00,11879.9
Utility 1,06/07/2022 12:00,12384.2
Utility 1,06/07/2022 13:00,12749.16
Utility 1,06/07/2022 14:00,13204.75
Utility 1,06/07/2022 15:00,13745.42
Utility 1,06/07/2022 16:00,14100.04
Utility 1,06/07/2022 17:00,14432.28
Utility 1,06/07/2022 18:00,15150.88
Utility 1,06/07/2022 19:00,15412.29
Utility 1,06/07/2022 20:00,15247.27
Utility 1,06/07/2022 21:00,15108.29
Utility 1,06/07/2022 22:00,14481.99
Utility 1,06/07/2022 23:00,13270.69
Utility 1,06/08/2022 00:00,12127.66
Utility 1,06/08/2022 01:00,11508.39
Utility 1,06/08/2022 02:00,11364.99
Utility 1,06/08/2022 03:00,11289.06
Utility 1,06/08/2022 04:00,11241.93
Utility 1,06/08/2022 05:00,11443.56
Utility 1,06/08/2022 06:00,11768.2
Utility 1,06/08/2022 07:00,12505.81
Utility 1,06/08/2022 08:00,13542.93
Utility 1,06/08/2022 09:00,13944.51
Utility 1,06/08/2022 10:00,13885.97
Utility 1,06/08/2022 11:00,13736.16
Utility 1,06/08/2022 12:00,13511.43
Utility 1,06/08/2022 13:00,13614.24
Utility 1,06/08/2022 14:00,13723.63
Utility 1,06/08/2022 15:00,13989.65
Utility 1,06/08/2022 16:00,14417.06
Utility 1,06/08/2022 17:00,15307.74
Utility 1,06/08/2022 18:00,16254.05
Utility 1,06/08/2022 19:00,16680.95
Utility 1,06/08/2022 20:00,16444.74
Utility 1,06/08/2022 21:00,16072.11
Utility 1,06/08/2022 22:00,15311.8
Utility 1,06/08/2022 23:00,13963.49
Utility 1,06/09/2022 00:00,12662.18
Utility 1,06/09/2022 01:00,11851.83
Utility 1,06/09/2022 02:00,11337.37
Utility 1,06/09/2022 03:00,11375.13
Utility 1,06/09/2022 04:00,11345.46
Utility 1,06/09/2022 05:00,11496.02
Utility 1,06/09/2022 06:00,11709.45
Utility 1,06/09/2022 07:00,12539.49
Utility 1,06/09/2022 08:00,13632.6
Utility 1,06/09/2022 09:00,14334.52
Utility 1,06/09/2022 10:00,14549.8
Utility 1,06/09/2022 11:00,14439.25
Utility 1,06/09/2022 12:00,14455.65
Utility 1,06/09/2022 13:00,14511.29
Utility 1,06/09/2022 14:00,14759.02
Utility 1,06/09/2022 15:00,14810.71
Utility 1,06/09/2022 16:00,15117.43
Utility 1,06/09/2022 17:00,15586.95
Utility 1,06/09/2022 18:00,16156.84
Utility 1,06/09/2022 19:00,16316.79
Utility 1,06/09/2022 20:00,16006.93
Utility 1,06/09/2022 21:00,15497.63
Utility 1,06/09/2022 22:00,14813.54
Utility 1,06/09/2022 23:00,13545.39
Utility 1,06/10/2022 00:00,12234.94
Utility 1,06/10/2022 01:00,11228.75
Utility 1,06/10/2022 02:00,11254.19
Utility 1,06/10/2022 03:00,11005.99
Utility 1,06/10/2022 04:00,10802.34
Utility 1,06/10/2022 05:00,10902.2
Utility 1,06/10/2022 06:00,11100.86
Utility 1,06/10/2022 07:00,11946.88
Utility 1,06/10/2022 08:00,12093.15
Utility 1,06/10/2022 09:00,12035.56
Utility 1,06/10/2022 10:00,12079.68
Utility 1,06/10/2022 11:00,12171.92
Utility 1,06/10/2022 12:00,12203.74
Utility 1,06/10/2022 13:00,12426.3
Utility 1,06/10/2022 14:00,12675.34
Utility 1,06/10/2022 15:00,13084.66
Utility 1,06/10/2022 16:00,13468.43
Utility 1,06/10/2022 17:00,14174.96
Utility 1,06/10/2022 18:00,14827.53
Utility 1,06/10/2022 19:00,14869.26
Utility 1,06/10/2022 20:00,14639.4
Utility 1,06/10/2022 21:00,14436.89
Utility 1,06/10/2022 22:00,13963.67
Utility 1,06/10/2022 23:00,12963.13
Utility 1,06/11/2022 00:00,12110.52
Utility 1,06/11/2022 01:00,11118.92
Utility 1,06/11/2022 02:00,10367.22
Utility 1,06/11/2022 03:00,10284.8
Utility 1,06/11/2022 04:00,10075.2
Utility 1,06/11/2022 05:00,10037.39
Utility 1,06/11/2022 06:00,10108.72
Utility 1,06/11/2022 07:00,10313.29
Utility 1,06/11/2022 08:00,10595.26
Utility 1,06/11/2022 09:00,10773.44
Utility 1,06/11/2022 10:00,10762.83
Utility 1,06/11/2022 11:00,10762.15
Utility 1,06/11/2022 12:00,11039.66
Utility 1,06/11/2022 13:00,11236.44
Utility 1,06/11/2022 14:00,11657.83
Utility 1,06/11/2022 15:00,12025.62
Utility 1,06/11/2022 16:00,12178.34
Utility 1,06/11/2022 17:00,12484.62
Utility 1,06/11/2022 18:00,13203.71
Utility 1,06/11/2022 19:00,13724.36
Utility 1,06/11/2022 20:00,13783.65
Utility 1,06/11/2022 21:00,13688.74
Utility 1,06/11/2022 22:00,13328.3
Utility 1,06/11/2022 23:00,12468.49
Utility 1,06/12/2022 00:00,11524.09
Utility 1,06/12/2022 01:00,10723.89
Utility 1,06/12/2022 02:00,10145.74
Utility 1,06/12/2022 03:00,10112.95
Utility 1,06/12/2022 04:00,9893.12
Utility 1,06/12/2022 05:00,9839.75
Utility 1,06/12/2022 06:00,9771.65
Utility 1,06/12/2022 07:00,9910.65
Utility 1,06/12/2022 08:00,9798.86
Utility 1,06/12/2022 09:00,10065.38
Utility 1,06/12/2022 10:00,10378.2
Utility 1,06/12/2022 11:00,10879.53
Utility 1,06/12/2022 12:00,11353.76
Utility 1,06/12/2022 13:00,11732.9
Utility 1,06/12/2022 14:00,12086.83
Utility 1,06/12/2022 15:00,12312.59
Utility 1,06/12/2022 16:00,12776.78
Utility 1,06/12/2022 17:00,13599.87
Utility 1,06/12/2022 18:00,14139.18
Utility 1,06/12/2022 19:00,14529.61
Utility 1,06/12/2022 20:00,14560.18
Utility 1,06/12/2022 21:00,14500.83
Utility 1,06/12/2022 22:00,14031.7
Utility 1,06/12/2022 23:00,13038.18
Utility 1,06/13/2022 00:00,12058.73
Utility 1,06/13/2022 01:00,11590.43
Utility 1,06/13/2022 02:00,11511.0
Utility 1,06/13/2022 03:00,11404.56
Utility 1,06/13/2022 04:00,11340.35
Utility 1,06/13/2022 05:00,11488.68
Utility 1,06/13/2022 06:00,11660.55
Utility 1,06/13/2022 07:00,12570.14
Utility 1,06/13/2022 08:00,13461.71
Utility 1,06/13/2022 09:00,13759.34
Utility 1,06/13/2022 10:00,13855.54
Utility 1,06/13/2022 11:00,14112.52
Utility 1,06/13/2022 12:00,14411.99
Utility 1,06/13/2022 13:00,14756.01
Utility 1,06/13/2022 14:00,15131.0
Utility 1,06/13/2022 15:00,15425.01
Utility 1,06/13/2022 16:00,16027.06
Utility 1,06/13/2022 17:00,16869.69
Utility 1,06/13/2022 18:00,17825.16
Utility 1,06/13/2022 19:00,18261.56
Utility 1,06/13/2022 20:00,17928.42
Utility 1,06/13/2022 21:00,17238.16
Utility 1,06/13/2022 22:00,16252.9
Utility 1,06/13/2022 23:00,14675.84
Utility 1,06/14/2022 00:00,13505.78
Utility 1,06/14/2022 01:00,12429.37
Utility 1,06/14/2022 02:00,12104.1
Utility 1,06/14/2022 03:00,11732.45
Utility 1,06/14/2022 04:00,11621.85
Utility 1,06/14/2022 05:00,11652.9
Utility 1,06/14/2022 06:00,12061.63
Utility 1,06/14/2022 07:00,12574.37
Utility 1,06/14/2022 08:00,12868.13
Utility 1,06/14/2022 09:00,12551.85
Utility 1,06/14/2022 10:00,12533.8
Utility 1,06/14/2022 11:00,12578.31
Utility 1,06/14/2022 12:00,12792.42
Utility 1,06/14/2022 13:00,13104.14
Utility 1,06/14/2022 14:00,13626.99
Utility 1,06/14/2022 15:00,14261.21
Utility 1,06/14/2022 16:00,14965.92
Utility 1,06/14/2022 17:00,15943.57
Utility 1,06/14/2022 18:00,16702.4
Utility 1,06/14/2022 19:00,17115.54
Utility 1,06/14/2022 20:00,16949.82
Utility 1,06/14/2022 21:00,16388.93
Utility 1,06/14/2022 22:00,15625.57
Utility 1,06/14/2022 23:00,14238.24
Utility 1,06/15/2022 00:00,12866.42
Utility 1,06/15/2022 01:00,12134.35
Utility 1,06/15/2022 02:00,11712.54
Utility 1,06/15/2022 03:00,11546.88
Utility 1,06/15/2022 04:00,11332.96
Utility 1,06/15/2022 05:00,11429.44
Utility 1,06/15/2022 06:00,11679.44
Utility 1,06/15/2022 07:00,12484.91
Utility 1,06/15/2022 08:00,13098.54
Utility 1,06/15/2022 09:00,12863.19
Utility 1,06/15/2022 10:00,12788.12
Utility 1,06/15/2022 11:00,12833.62
Utility 1,06/15/2022 12:00,13039.02
Utility 1,06/15/2022 13:00,13261.62
Utility 1,06/15/2022 14:00,13563.85
Utility 1,06/15/2022 15:00,13982.54
Utility 1,06/15/2022 16:00,14640.02
Utility 1,06/15/2022 17:00,15423.09
Utility 1,06/15/2022 18:00,16177.09
Utility 1,06/15/2022 19:00,16396.43
Utility 1,06/15/2022 20:00,16030.12
Utility 1,06/15/2022 21:00,15674.52
Utility 1,06/15/2022 22:00,15017.36
Utility 1,06/15/2022 23:00,13734.13
Utility 1,06/16/2022 00:00,12437.79
Utility 1,06/16/2022 01:00,11733.36
Utility 1,06/16/2022 02:00,11175.36
Utility 1,06/16/2022 03:00,10810.49
Utility 1,06/16/2022 04:00,10905.57
Utility 1,06/16/2022 05:00,10810.64
Utility 1,06/16/2022 06:00,11247.82
Utility 1,06/16/2022 07:00,12105.16
Utility 1,06/16/2022 08:00,12728.9
Utility 1,06/16/2022 09:00,12997.9
Utility 1,06/16/2022 10:00,13112.51
Utility 1,06/16/2022 11:00,13571.83
Utility 1,06/16/2022 12:00,13492.23
Utility 1,06/16/2022 13:00,13380.21
Utility 1,06/16/2022 14:00,13614.06
Utility 1,06/16/2022 15:00,13742.65
Utility 1,06/16/2022 16:00,13716.2
Utility 1,06/16/2022 17:00,14029.12
Utility 1,06/16/2022 18:00,14491.11
Utility 1,06/16/2022 19:00,14788.78
Utility 1,06/16/2022 20:00,14755.53
Utility 1,06/16/2022 21:00,14646.89
Utility 1,06/16/2022 22:00,14111.77
Utility 1,06/16/2022 23:00,13131.55
Utility 1,06/17/2022 00:00,12129.85
Utility 1,06/17/2022 01:00,11425.03
Utility 1,06/17/2022 02:00,11496.8
Utility 1,06/17/2022 03:00,11456.3
Utility 1,06/17/2022 04:00,11381.4
Utility 1,06/17/2022 05:00,11561.75
Utility 1,06/17/2022 06:00,11723.38
Utility 1,06/17/2022 07:00,12429.38
Utility 1,06/17/2022 08:00,13477.5
Utility 1,06/17/2022 09:00,14175.43
Utility 1,06/17/2022 10:00,14408.45
Utility 1,06/17/2022 11:00,14579.01
Utility 1,06/17/2022 12:00,14763.44
Utility 1,06/17/2022 13:00,15424.82
Utility 1,06/17/2022 14:00,16240.82
Utility 1,06/17/2022 15:00,16112.96
Utility 1,06/17/2022 16:00,16179.95
Utility 1,06/17/2022 17:00,16604.1
Utility 1,06/17/2022 18:00,17095.42
Utility 1,06/17/2022 19:00,17275.23
Utility 1,06/17/2022 20:00,16990.25
Utility 1,06/17/2022 21:00,16350.83
Utility 1,06/17/2022 22:00,15693.01
Utility 1,06/17/2022 23:00,14456.14
Utility 1,06/18/2022 00:00,13117.86
Utility 1,06/18/2022 01:00,12066.74
Utility 1,06/18/2022 02:00,11352.58
Utility 1,06/18/2022 03:00,10892.46
Utility 1,06/18/2022 04:00,10618.64
Utility 1,06/18/2022 05:00,10848.1
Utility 1,06/18/2022 06:00,10843.4
Utility 1,06/18/2022 07:00,11067.47
Utility 1,06/18/2022 08:00,10978.94
Utility 1,06/18/2022 09:00,11175.0
Utility 1,06/18/2022 10:00,11005.06
Utility 1,06/18/2022 11:00,10966.96
Utility 1,06/18/2022 12:00,11023.85
Utility 1,06/18/2022 13:00,11097.56
Utility 1,06/18/2022 14:00,11211.08
Utility 1,06/18/2022 15:00,11349.02
Utility 1,06/18/2022 16:00,11677.0
Utility 1,06/18/2022 17:00,11965.1
Utility 1,06/18/2022 18:00,12307.04
Utility 1,06/18/2022 19:00,12406.24
Utility 1,06/18/2022 20:00,12338.99
Utility 1,06/18/2022 21:00,12297.59
Utility 1,06/18/2022 22:00,11920.25
Utility 1,06/18/2022 23:00,11188.1
Utility 1,06/19/2022 00:00,10402.91
Utility 1,06/19/2022 01:00,9896.12
Utility 1,06/19/2022 02:00,9624.52
Utility 1,06/19/2022 03:00,9381.98
Utility 1,06/19/2022 04:00,9414.86
Utility 1,06/19/2022 05:00,9306.77
Utility 1,06/19/2022 06:00,9366.63
Utility 1,06/19/2022 07:00,9275.66
Utility 1,06/19/2022 08:00,9471.46
Utility 1,06/19/2022 09:00,9762.82
Utility 1,06/19/2022 10:00,9474.8
Utility 1,06/19/2022 11:00,9462.73
Utility 1,06/19/2022 12:00,9702.96
Utility 1,06/19/2022 13:00,9973.59
Utility 1,06/19/2022 14:00,10055.58
Utility 1,06/19/2022 15:00,10223.58
Utility 1,06/19/2022 16:00,10312.38
Utility 1,06/19/2022 17:00,10951.03
Utility 1,06/19/2022 18:00,11583.71
Utility 1,06/19/2022 19:00,11960.06
Utility 1,06/19/2022 20:00,12102.75
Utility 1,06/19/2022 21:00,12175.53
Utility 1,06/19/2022 22:00,11908.98
Utility 1,06/19/2022 23:00,11100.46
Utility 1,06/20/2022 00:00,10242.5
Utility 1,06/20/2022 01:00,9612.55
Utility 1,06/20/2022 02:00,9407.45
Utility 1,06/20/2022 03:00,9351.73
Utility 1,06/20/2022 04:00,9546.41
Utility 1,06/20/2022 05:00,9437.98
Utility 1,06/20/2022 06:00,9657.83
Utility 1,06/20/2022 07:00,10423.56
Utility 1,06/20/2022 08:00,10809.32
Utility 1,06/20/2022 09:00,10758.98
Utility 1,06/20/2022 10:00,10511.3
Utility 1,06/20/2022 11:00,10421.28
Utility 1,06/20/2022 12:00,10476.67
Utility 1,06/20/2022 13:00,10546.96
Utility 1,06/20/2022 14:00,10762.43
Utility 1,06/20/2022 15:00,11090.9
Utility 1,06/20/2022 16:00,11662.21
Utility 1,06/20/2022 17:00,12615.08
Utility 1,06/20/2022 18:00,13756.25
Utility 1,06/20/2022 19:00,14428.3
Utility 1,06/20/2022 20:00,14389.16
Utility 1,06/20/2022 21:00,14123.38
Utility 1,06/20/2022 22:00,13574.97
Utility 1,06/20/2022 23:00,12418.82
Utility 1,06/21/2022 00:00,11278.98
Utility 1,06/21/2022 01:00,10447.32
Utility 1,06/21/2022 02:00,10186.06
Utility 1,06/21/2022 03:00,9951.0
Utility 1,06/21/2022 04:00,10053.84
Utility 1,06/21/2022 05:00,10033.1
Utility 1,06/21/2022 06:00,10428.26
Utility 1,06/21/2022 07:00,11161.07
Utility 1,06/21/2022 08:00,11570.0
Utility 1,06/21/2022 09:00,11663.39
Utility 1,06/21/2022 10:00,11589.39
Utility 1,06/21/2022 11:00,11791.28
Utility 1,06/21/2022 12:00,12151.31
Utility 1,06/21/2022 13:00,12506.77
Utility 1,06/21/2022 14:00,12440.24
Utility 1,06/21/2022 15:00,12540.11
Utility 1,06/21/2022 16:00,13009.49
Utility 1,06/21/2022 17:00,13628.22
Utility 1,06/21/2022 18:00,14400.88
Utility 1,06/21/2022 19:00,14740.09
Utility 1,06/21/2022 20:00,14582.38
Utility 1,06/21/2022 21:00,14308.8
Utility 1,06/21/2022 22:00,13749.2
Utility 1,06/21/2022 23:00,12654.88
Utility 1,06/22/2022 00:00,11552.12
Utility 1,06/22/2022 01:00,10925.73
Utility 1,06/22/2022 02:00,11139.17
Utility 1,06/22/2022 03:00,10883.17
Utility 1,06/22/2022 04:00,11025.22
Utility 1,06/22/2022 05:00,10995.12
Utility 1,06/22/2022 06:00,11249.29
Utility 1,06/22/2022 07:00,12243.55
Utility 1,06/22/2022 08:00,12944.51
Utility 1,06/22/2022 09:00,13303.86
Utility 1,06/22/2022 10:00,13177.4
Utility 1,06/22/2022 11:00,13246.19
Utility 1,06/22/2022 12:00,13322.15
Utility 1,06/22/2022 13:00,13287.52
Utility 1,06/22/2022 14:00,13162.75
Utility 1,06/22/2022 15:00,13093.56
Utility 1,06/22/2022 16:00,13103.57
Utility 1,06/22/2022 17:00,13422.45
Utility 1,06/22/2022 18:00,13923.77
Utility 1,06/22/2022 19:00,14229.17
Utility 1,06/22/2022 20:00,14142.66
Utility 1,06/22/2022 21:00,13969.04
Utility 1,06/22/2022 22:00,13499.91
Utility 1,06/22/2022 23:00,12465.51
Utility 1,06/23/2022 00:00,11423.5
Utility 1,06/23/2022 01:00,11261.13
Utility 1,06/23/2022 02:00,11035.26
Utility 1,06/23/2022 03:00,10923.66
Utility 1,06/23/2022 04:00,10919.09
Utility 1,06/23/2022 05:00,10868.58
Utility 1,06/23/2022 06:00,11170.47
Utility 1,06/23/2022 07:00,11581.02
Utility 1,06/23/2022 08:00,12181.22
Utility 1,06/23/2022 09:00,12485.33
Utility 1,06/23/2022 10:00,12463.13
Utility 1,06/23/2022 11:00,12617.8
Utility 1,06/23/2022 12:00,13040.86
Utility 1,06/23/2022 13:00,13103.92
Utility 1,06/23/2022 14:00,13368.7
Utility 1,06/23/2022 15:00,13465.92
Utility 1,06/23/2022 16:00,13622.1
Utility 1,06/23/2022 17:00,14097.16
Utility 1,06/23/2022 18:00,14907.9
Utility 1,06/23/2022 19:00,15145.72
Utility 1,06/23/2022 20:00,14912.32
Utility 1,06/23/2022 21:00,14624.48
Utility 1,06/23/2022 22:00,14115.81
Utility 1,06/23/2022 23:00,13011.51
Utility 1,06/24/2022 00:00,11870.21
Utility 1,06/24/2022 01:00,11021.79
Utility 1,06/24/2022 02:00,10876.74
Utility 1,06/24/2022 03:00,10707.53
Utility 1,06/24/2022 04:00,10582.65
Utility 1,06/24/2022 05:00,10719.28
Utility 1,06/24/2022 06:00,11137.2
Utility 1,06/24/2022 07:00,11594.52
Utility 1,06/24/2022 08:00,12131.99
Utility 1,06/24/2022 09:00,12334.49
Utility 1,06/24/2022 10:00,12235.3
Utility 1,06/24/2022 11:00,12543.78
Utility 1,06/24/2022 12:00,13101.88
Utility 1,06/24/2022 13:00,13364.62
Utility 1,06/24/2022 14:00,13777.78
Utility 1,06/24/2022 15:00,14231.66
Utility 1,06/24/2022 16:00,14841.32
Utility 1,06/24/2022 17:00,15417.22
Utility 1,06/24/2022 18:00,16107.41
Utility 1,06/24/2022 19:00,16467.44
Utility 1,06/24/2022 20:00,16360.03
Utility 1,06/24/2022 21:00,15932.53
Utility 1,06/24/2022 22:00,15414.58
Utility 1,06/24/2022 23:00,14344.41
Utility 1,06/25/2022 00:00,13278.47
Utility 1,06/25/2022 01:00,12514.19
Utility 1,06/25/2022 02:00,12045.95
Utility 1,06/25/2022 03:00,11655.73
Utility 1,06/25/2022 04:00,11525.37
Utility 1,06/25/2022 05:00,11577.69
Utility 1,06/25/2022 06:00,11678.8
Utility 1,06/25/2022 07:00,12039.95
Utility 1,06/25/2022 08:00,12214.29
Utility 1,06/25/2022 09:00,12570.07
Utility 1,06/25/2022 10:00,12622.68
Utility 1,06/25/2022 11:00,12704.96
Utility 1,06/25/2022 12:00,13255.39
Utility 1,06/25/2022 13:00,13838.81
Utility 1,06/25/2022 14:00,14385.82
Utility 1,06/25/2022 15:00,15014.33
Utility 1,06/25/2022 16:00,15845.45
Utility 1,06/25/2022 17:00,16881.36
Utility 1,06/25/2022 18:00,17839.79
Utility 1,06/25/2022 19:00,18404.34
Utility 1,06/25/2022 20:00,18216.65
Utility 1,06/25/2022 21:00,17560.64
Utility 1,06/25/2022 22:00,16858.41
Utility 1,06/25/2022 23:00,15646.31
Utility 1,06/26/2022 00:00,14333.73
Utility 1,06/26/2022 01:00,13270.82
Utility 1,06/26/2022 02:00,12999.01
Utility 1,06/26/2022 03:00,12712.49
Utility 1,06/26/2022 04:00,12563.64
Utility 1,06/26/2022 05:00,12367.37
Utility 1,06/26/2022 06:00,12226.28
Utility 1,06/26/2022 07:00,12421.27
Utility 1,06/26/2022 08:00,12528.88
Utility 1,06/26/2022 09:00,12634.36
Utility 1,06/26/2022 10:00,13157.92
Utility 1,06/26/2022 11:00,13997.24
Utility 1,06/26/2022 12:00,14852.31
Utility 1,06/26/2022 13:00,15835.92
Utility 1,06/26/2022 14:00,16512.35
Utility 1,06/26/2022 15:00,16890.74
Utility 1,06/26/2022 16:00,17557.58
Utility 1,06/26/2022 17:00,18348.16
Utility 1,06/26/2022 18:00,19242.28
Utility 1,06/26/2022 19:00,19596.75
Utility 1,06/26/2022 20:00,19210.15
Utility 1,06/26/2022 21:00,18557.55
Utility 1,06/26/2022 22:00,17740.8
Utility 1,06/26/2022 23:00,16235.29
Utility 1,06/27/2022 00:00,14722.89
Utility 1,06/27/2022 01:00,13850.82
Utility 1,06/27/2022 02:00,13268.54
Utility 1,06/27/2022 03:00,12894.8
Utility 1,06/27/2022 04:00,12855.51
Utility 1,06/27/2022 05:00,12976.74
Utility 1,06/27/2022 06:00,13364.97
Utility 1,06/27/2022 07:00,14155.79
Utility 1,06/27/2022 08:00,14889.91
Utility 1,06/27/2022 09:00,15676.52
Utility 1,06/27/2022 10:00,16231.02
Utility 1,06/27/2022 11:00,16493.74
Utility 1,06/27/2022 12:00,16739.33
Utility 1,06/27/2022 13:00,16799.9
Utility 1,06/27/2022 14:00,16744.74
Utility 1,06/27/2022 15:00,16552.14
Utility 1,06/27/2022 16:00,16347.79
Utility 1,06/27/2022 17:00,16502.14
Utility 1,06/27/2022 18:00,16903.16
Utility 1,06/27/2022 19:00,16845.95
Utility 1,06/27/2022 20:00,16552.17
Utility 1,06/27/2022 21:00,16143.67
Utility 1,06/27/2022 22:00,15523.38
Utility 1,06/27/2022 23:00,14252.74
Utility 1,06/28/2022 00:00,13007.5
Utility 1,06/28/2022 01:00,12467.49
Utility 1,06/28/2022 02:00,11959.01
Utility 1,06/28/2022 03:00,11524.53
Utility 1,06/28/2022 04:00,11276.02
Utility 1,06/28/2022 05:00,11323.37
Utility 1,06/28/2022 06:00,11760.32
Utility 1,06/28/2022 07:00,12320.7
Utility 1,06/28/2022 08:00,12708.23
Utility 1,06/28/2022 09:00,12778.19
Utility 1,06/28/2022 10:00,12644.2
Utility 1,06/28/2022 11:00,12756.92
Utility 1,06/28/2022 12:00,13237.51
Utility 1,06/28/2022 13:00,13590.5
Utility 1,06/28/2022 14:00,13804.76
Utility 1,06/28/2022 15:00,14069.37
Utility 1,06/28/2022 16:00,14411.32
Utility 1,06/28/2022 17:00,15207.84
Utility 1,06/28/2022 18:00,16123.82
Utility 1,06/28/2022 19:00,16747.44
Utility 1,06/28/2022 20:00,16657.72
Utility 1,06/28/2022 21:00,16089.57
Utility 1,06/28/2022 22:00,15382.48
Utility 1,06/28/2022 23:00,14078.7
Utility 1,06/29/2022 00:00,12915.22
Utility 1,06/29/2022 01:00,12309.91
Utility 1,06/29/2022 02:00,11672.25
Utility 1,06/29/2022 03:00,11496.95
Utility 1,06/29/2022 04:00,11302.67
Utility 1,06/29/2022 05:00,11379.82
Utility 1,06/29/2022 06:00,11408.97
Utility 1,06/29/2022 07:00,12019.88
Utility 1,06/29/2022 08:00,12834.33
Utility 1,06/29/2022 09:00,13098.35
Utility 1,06/29/2022 10:00,13200.11
Utility 1,06/29/2022 11:00,13498.94
Utility 1,06/29/2022 12:00,13944.49
Utility 1,06/29/2022 13:00,13995.11
Utility 1,06/29/2022 14:00,14462.77
Utility 1,06/29/2022 15:00,14972.01
Utility 1,06/29/2022 16:00,15608.33
Utility 1,06/29/2022 17:00,16469.32
Utility 1,06/29/2022 18:00,17342.01
Utility 1,06/29/2022 19:00,17594.88
Utility 1,06/29/2022 20:00,17231.93
Utility 1,06/29/2022 21:00,16776.23
Utility 1,06/29/2022 22:00,16071.28
Utility 1,06/29/2022 23:00,14715.19
Utility 1,06/30/2022 00:00,13643.68
Utility 1,06/30/2022 01:00,12942.22
Utility 1,06/30/2022 02:00,12527.78
Utility 1,06/30/2022 03:00,12291.45
Utility 1,06/30/2022 04:00,12008.4
Utility 1,06/30/2022 05:00,12036.82
Utility 1,06/30/2022 06:00,12310.23
Utility 1,06/30/2022 07:00,12777.96
Utility 1,06/30/2022 08:00,13386.3
Utility 1,06/30/2022 09:00,13080.2
Utility 1,06/30/2022 10:00,12910.51
Utility 1,06/30/2022 11:00,12981.52
Utility 1,06/30/2022 12:00,13261.97
Utility 1,06/30/2022 13:00,13666.5
Utility 1,06/30/2022 14:00,14206.92
Utility 1,06/30/2022 15:00,14694.62
Utility 1,06/30/2022 16:00,15029.76
Utility 1,06/30/2022 17:00,16019.42
Utility 1,06/30/2022 18:00,17040.63
Utility 1,06/30/2022 19:00,17552.32
Utility 1,06/30/2022 20:00,17262.84
Utility 1,06/30/2022 21:00,16752.15
Utility 1,06/30/2022 22:00,16121.54
Utility 1,06/30/2022 23:00,14808.28
Utility 1,07/01/2022 00:00,13760.56
Utility 1,07/01/2022 01:00,12991.23
Utility 1,07/01/2022 02:00,12753.0
Utility 1,07/01/2022 03:00,12373.78
Utility 1,07/01/2022 04:00,12141.5
Utility 1,07/01/2022 05:00,12218.59
Utility 1,07/01/2022 06:00,12397.02
Utility 1,07/01/2022 07:00,12888.1
Utility 1,07/01/2022 08:00,13285.67
Utility 1,07/01/2022 09:00,13813.66
Utility 1,07/01/2022 10:00,14288.9
Utility 1,07/01/2022 11:00,14946.86
Utility 1,07/01/2022 12:00,15871.73
Utility 1,07/01/2022 13:00,16803.63
Utility 1,07/01/2022 14:00,17686.39
Utility 1,07/01/2022 15:00,18438.64
Utility 1,07/01/2022 16:00,19145.23
Utility 1,07/01/2022 17:00,19832.27
Utility 1,07/01/2022 18:00,20387.04
Utility 1,07/01/2022 19:00,20454.1
Utility 1,07/01/2022 20:00,20219.07
Utility 1,07/01/2022 21:00,19633.43
Utility 1,07/01/2022 22:00,18856.18
Utility 1,07/01/2022 23:00,17556.48
Utility 1,07/02/2022 00:00,16186.28
Utility 1,07/02/2022 01:00,15059.55
Utility 1,07/02/2022 02:00,14334.65
Utility 1,07/02/2022 03:00,14107.85
Utility 1,07/02/2022 04:00,13767.91
Utility 1,07/02/2022 05:00,13833.78
Utility 1,07/02/2022 06:00,13511.26
Utility 1,07/02/2022 07:00,13626.79
Utility 1,07/02/2022 08:00,13973.32
Utility 1,07/02/2022 09:00,14374.19
Utility 1,07/02/2022 10:00,14636.09
Utility 1,07/02/2022 11:00,15054.63
Utility 1,07/02/2022 12:00,15407.98
Utility 1,07/02/2022 13:00,15848.58
Utility 1,07/02/2022 14:00,15891.2
Utility 1,07/02/2022 15:00,16249.75
Utility 1,07/02/2022 16:00,16745.11
Utility 1,07/02/2022 17:00,17848.86
Utility 1,07/02/2022 18:00,18563.66
Utility 1,07/02/2022 19:00,18412.0
Utility 1,07/02/2022 20:00,17844.0
Utility 1,07/02/2022 21:00,17298.65
Utility 1,07/02/2022 22:00,16672.75
Utility 1,07/02/2022 23:00,15582.16
Utility 1,07/03/2022 00:00,14376.01
Utility 1,07/03/2022 01:00,13308.02
Utility 1,07/03/2022 02:00,12635.6
Utility 1,07/03/2022 03:00,12264.73
Utility 1,07/03/2022 04:00,12153.42
Utility 1,07/03/2022 05:00,11975.36
Utility 1,07/03/2022 06:00,11848.03
Utility 1,07/03/2022 07:00,11855.09
Utility 1,07/03/2022 08:00,12101.1
Utility 1,07/03/2022 09:00,12512.35
Utility 1,07/03/2022 10:00,12878.1
Utility 1,07/03/2022 11:00,12894.6
Utility 1,07/03/2022 12:00,12834.28
Utility 1,07/03/2022 13:00,12834.32
Utility 1,07/03/2022 14:00,13061.14
Utility 1,07/03/2022 15:00,13521.27
Utility 1,07/03/2022 16:00,14289.43
Utility 1,07/03/2022 17:00,14865.84
Utility 1,07/03/2022 18:00,15986.98
Utility 1,07/03/2022 19:00,16619.2
Utility 1,07/03/2022 20:00,16325.16
Utility 1,07/03/2022 21:00,15578.38
Utility 1,07/03/2022 22:00,14939.69
Utility 1,07/03/2022 23:00,14013.74
Utility 1,07/04/2022 00:00,12952.5
Utility 1,07/04/2022 01:00,11962.03
Utility 1,07/04/2022 02:00,11258.92
Utility 1,07/04/2022 03:00,11276.89
Utility 1,07/04/2022 04:00,11215.08
Utility 1,07/04/2022 05:00,11115.84
Utility 1,07/04/2022 06:00,11105.63
Utility 1,07/04/2022 07:00,11324.11
Utility 1,07/04/2022 08:00,11361.65
Utility 1,07/04/2022 09:00,11135.49
Utility 1,07/04/2022 10:00,11049.21
Utility 1,07/04/2022 11:00,11313.89
Utility 1,07/04/2022 12:00,11839.36
Utility 1,07/04/2022 13:00,12514.36
Utility 1,07/04/2022 14:00,12946.79
Utility 1,07/04/2022 15:00,13283.75
Utility 1,07/04/2022 16:00,13918.63
Utility 1,07/04/2022 17:00,14792.93
Utility 1,07/04/2022 18:00,15785.09
Utility 1,07/04/2022 19:00,16348.07
Utility 1,07/04/2022 20:00,16150.19
Utility 1,07/04/2022 21:00,15623.77
Utility 1,07/04/2022 22:00,14979.9
Utility 1,07/04/2022 23:00,14002.36
Utility 1,07/05/2022 00:00,12928.5
Utility 1,07/05/2022 01:00,12022.82
Utility 1,07/05/2022 02:00,11882.15
Utility 1,07/05/2022 03:00,11460.73
Utility 1,07/05/2022 04:00,11483.84
Utility 1,07/05/2022 05:00,11573.19
Utility 1,07/05/2022 06:00,11781.57
Utility 1,07/05/2022 07:00,12315.05
Utility 1,07/05/2022 08:00,12998.77
Utility 1,07/05/2022 09:00,13704.96
Utility 1,07/05/2022 10:00,14189.46
Utility 1,07/05/2022 11:00,14812.2
Utility 1,07/05/2022 12:00,15482.47
Utility 1,07/05/2022 13:00,15872.95
Utility 1,07/05/2022 14:00,16070.13
Utility 1,07/05/2022 15:00,16012.83
Utility 1,07/05/2022 16:00,16058.22
Utility 1,07/05/2022 17:00,16006.92
Utility 1,07/05/2022 18:00,16262.76
Utility 1,07/05/2022 19:00,16309.22
Utility 1,07/05/2022 20:00,16082.22
Utility 1,07/05/2022 21:00,15745.92
Utility 1,07/05/2022 22:00,15137.26
Utility 1,07/05/2022 23:00,14067.43
Utility 1,07/06/2022 00:00,13251.1
Utility 1,07/06/2022 01:00,12461.77
Utility 1,07/06/2022 02:00,12526.05
Utility 1,07/06/2022 03:00,12299.9
Utility 1,07/06/2022 04:00,12235.41
Utility 1,07/06/2022 05:00,12438.28
Utility 1,07/06/2022 06:00,12701.48
Utility 1,07/06/2022 07:00,13225.72
Utility 1,07/06/2022 08:00,14319.31
Utility 1,07/06/2022 09:00,15084.37
Utility 1,07/06/2022 10:00,15574.7
Utility 1,07/06/2022 11:00,15748.31
Utility 1,07/06/2022 12:00,15961.28
Utility 1,07/06/2022 13:00,16024.94
Utility 1,07/06/2022 14:00,16189.6
Utility 1,07/06/2022 15:00,16342.47
Utility 1,07/06/2022 16:00,16709.77
Utility 1,07/06/2022 17:00,17170.12
Utility 1,07/06/2022 18:00,17837.46
Utility 1,07/06/2022 19:00,18140.3
Utility 1,07/06/2022 20:00,17930.59
Utility 1,07/06/2022 21:00,17260.33
Utility 1,07/06/2022 22:00,16449.31
Utility 1,07/06/2022 23:00,15013.95
Utility 1,07/07/2022 00:00,13570.57
Utility 1,07/07/2022 01:00,12513.25
Utility 1,07/07/2022 02:00,12074.13
Utility 1,07/07/2022 03:00,11576.51
Utility 1,07/07/2022 04:00,11291.67
Utility 1,07/07/2022 05:00,11321.47
Utility 1,07/07/2022 06:00,11691.35
Utility 1,07/07/2022 07:00,12402.25
Utility 1,07/07/2022 08:00,12963.94
Utility 1,07/07/2022 09:00,13182.29
Utility 1,07/07/2022 10:00,13214.58
Utility 1,07/07/2022 11:00,13398.82
Utility 1,07/07/2022 12:00,14005.8
Utility 1,07/07/2022 13:00,14634.76
Utility 1,07/07/2022 14:00,15127.39
Utility 1,07/07/2022 15:00,15441.32
Utility 1,07/07/2022 16:00,15900.27
Utility 1,07/07/2022 17:00,16522.88
Utility 1,07/07/2022 18:00,17187.27
Utility 1,07/07/2022 19:00,17384.82
Utility 1,07/07/2022 20:00,17035.92
Utility 1,07/07/2022 21:00,16492.13
Utility 1,07/07/2022 22:00,15846.58
Utility 1,07/07/2022 23:00,14565.82
Utility 1,07/08/2022 00:00,13304.56
Utility 1,07/08/2022 01:00,12653.28
Utility 1,07/08/2022 02:00,12449.17
Utility 1,07/08/2022 03:00,12270.6
Utility 1,07/08/2022 04:00,12038.36
Utility 1,07/08/2022 05:00,12101.31
Utility 1,07/08/2022 06:00,12235.41
Utility 1,07/08/2022 07:00,12692.4
Utility 1,07/08/2022 08:00,13146.55
Utility 1,07/08/2022 09:00,13595.11
Utility 1,07/08/2022 10:00,13773.63
Utility 1,07/08/2022 11:00,13960.04
Utility 1,07/08/2022 12:00,14478.48
Utility 1,07/08/2022 13:00,14994.36
Utility 1,07/08/2022 14:00,15865.9
Utility 1,07/08/2022 15:00,16495.56
Utility 1,07/08/2022 16:00,16977.21
Utility 1,07/08/2022 17:00,17607.35
Utility 1,07/08/2022 18:00,18136.8
Utility 1,07/08/2022 19:00,18228.86
Utility 1,07/08/2022 20:00,17920.13
Utility 1,07/08/2022 21:00,17545.54
Utility 1,07/08/2022 22:00,16920.14
Utility 1,07/08/2022 23:00,15776.12
Utility 1,07/09/2022 00:00,14551.8
Utility 1,07/09/2022 01:00,13501.12
Utility 1,07/09/2022 02:00,12667.93
Utility 1,07/09/2022 03:00,12060.97
Utility 1,07/09/2022 04:00,11969.88
Utility 1,07/09/2022 05:00,11759.98
Utility 1,07/09/2022 06:00,11882.13
Utility 1,07/09/2022 07:00,12099.94
Utility 1,07/09/2022 08:00,12400.82
Utility 1,07/09/2022 09:00,12235.33
Utility 1,07/09/2022 10:00,12247.6
Utility 1,07/09/2022 11:00,12441.87
Utility 1,07/09/2022 12:00,12804.88
Utility 1,07/09/2022 13:00,13021.9
Utility 1,07/09/2022 14:00,13233.25
Utility 1,07/09/2022 15:00,13178.79
Utility 1,07/09/2022 16:00,13771.28
Utility 1,07/09/2022 17:00,14778.49
Utility 1,07/09/2022 18:00,15791.84
Utility 1,07/09/2022 19:00,16367.17
Utility 1,07/09/2022 20:00,16124.25
Utility 1,07/09/2022 21:00,15471.02
Utility 1,07/09/2022 22:00,14832.06
Utility 1,07/09/2022 23:00,13766.62
Utility 1,07/10/2022 00:00,12644.09
Utility 1,07/10/2022 01:00,11709.15
Utility 1,07/10/2022 02:00,11199.84
Utility 1,07/10/2022 03:00,11194.84
Utility 1,07/10/2022 04:00,11218.98
Utility 1,07/10/2022 05:00,11143.35
Utility 1,07/10/2022 06:00,10845.34
Utility 1,07/10/2022 07:00,11090.38
Utility 1,07/10/2022 08:00,11185.2
Utility 1,07/10/2022 09:00,10976.47
Utility 1,07/10/2022 10:00,10727.85
Utility 1,07/10/2022 11:00,11049.91
Utility 1,07/10/2022 12:00,11343.64
Utility 1,07/10/2022 13:00,11615.57
Utility 1,07/10/2022 14:00,11529.67
Utility 1,07/10/2022 15:00,12082.68
Utility 1,07/10/2022 16:00,12681.88
Utility 1,07/10/2022 17:00,13892.67
Utility 1,07/10/2022 18:00,15153.3
Utility 1,07/10/2022 19:00,15888.52
Utility 1,07/10/2022 20:00,15797.17
Utility 1,07/10/2022 21:00,15394.6
Utility 1,07/10/2022 22:00,14862.75
Utility 1,07/10/2022 23:00,13725.98
Utility 1,07/11/2022 00:00,12547.05
Utility 1,07/11/2022 01:00,11753.75
Utility 1,07/11/2022 02:00,11693.96
Utility 1,07/11/2022 03:00,11730.56
Utility 1,07/11/2022 04:00,11561.73
Utility 1,07/11/2022 05:00,11715.5
Utility 1,07/11/2022 06:00,12062.08
Utility 1,07/11/2022 07:00,12280.02
Utility 1,07/11/2022 08:00,13322.44
Utility 1,07/11/2022 09:00,13649.85
Utility 1,07/11/2022 10:00,13488.31
Utility 1,07/11/2022 11:00,13740.29
Utility 1,07/11/2022 12:00,14046.6
Utility 1,07/11/2022 13:00,14732.88
Utility 1,07/11/2022 14:00,15568.96
Utility 1,07/11/2022 15:00,16123.91
Utility 1,07/11/2022 16:00,16662.76
Utility 1,07/11/2022 17:00,17436.29
Utility 1,07/11/2022 18:00,18331.13
Utility 1,07/11/2022 19:00,18729.25
Utility 1,07/11/2022 20:00,18369.32
Utility 1,07/11/2022 21:00,17632.34
Utility 1,07/11/2022 22:00,16787.48
Utility 1,07/11/2022 23:00,15347.1
Utility 1,07/12/2022 00:00,13978.96
Utility 1,07/12/2022 01:00,13517.14
Utility 1,07/12/2022 02:00,13038.73
Utility 1,07/12/2022 03:00,12758.35
Utility 1,07/12/2022 04:00,12601.62
Utility 1,07/12/2022 05:00,12689.38
Utility 1,07/12/2022 06:00,12923.48
Utility 1,07/12/2022 07:00,13457.8
Utility 1,07/12/2022 08:00,14082.28
Utility 1,07/12/2022 09:00,14471.88
Utility 1,07/12/2022 10:00,14770.33
Utility 1,07/12/2022 11:00,15296.61
Utility 1,07/12/2022 12:00,15939.46
Utility 1,07/12/2022 13:00,16583.91
Utility 1,07/12/2022 14:00,17500.53
Utility 1,07/12/2022 15:00,18300.03
Utility 1,07/12/2022 16:00,18931.15
Utility 1,07/12/2022 17:00,19643.38
Utility 1,07/12/2022 18:00,20488.16
Utility 1,07/12/2022 19:00,20459.68
Utility 1,07/12/2022 20:00,19946.7
Utility 1,07/12/2022 21:00,19327.16
Utility 1,07/12/2022 22:00,18398.71
Utility 1,07/12/2022 23:00,16900.12
Utility 1,07/13/2022 00:00,15453.15
Utility 1,07/13/2022 01:00,14641.76
Utility 1,07/13/2022 02:00,14308.68
Utility 1,07/13/2022 03:00,14063.44
Utility 1,07/13/2022 04:00,13776.41
Utility 1,07/13/2022 05:00,13775.01
Utility 1,07/13/2022 06:00,14141.27
Utility 1,07/13/2022 07:00,14395.03
Utility 1,07/13/2022 08:00,14975.36
Utility 1,07/13/2022 09:00,15343.88
Utility 1,07/13/2022 10:00,15530.82
Utility 1,07/13/2022 11:00,16244.18
Utility 1,07/13/2022 12:00,17002.58
Utility 1,07/13/2022 13:00,17457.59
Utility 1,07/13/2022 14:00,18060.12
Utility 1,07/13/2022 15:00,18627.78
Utility 1,07/13/2022 16:00,19136.72
Utility 1,07/13/2022 17:00,19533.63
Utility 1,07/13/2022 18:00,20132.86
Utility 1,07/13/2022 19:00,20428.66
Utility 1,07/13/2022 20:00,20278.16
Utility 1,07/13/2022 21:00,19548.9
Utility 1,07/13/2022 22:00,18588.94
Utility 1,07/13/2022 23:00,16982.44
Utility 1,07/14/2022 00:00,15390.01
Utility 1,07/14/2022 01:00,14642.94
Utility 1,07/14/2022 02:00,14470.21
Utility 1,07/14/2022 03:00,13970.43
Utility 1,07/14/2022 04:00,13628.11
Utility 1,07/14/2022 05:00,13605.37
Utility 1,07/14/2022 06:00,14069.41
Utility 1,07/14/2022 07:00,14730.4
Utility 1,07/14/2022 08:00,14745.3
Utility 1,07/14/2022 09:00,15315.23
Utility 1,07/14/2022 10:00,15517.43
Utility 1,07/14/2022 11:00,15946.61
Utility 1,07/14/2022 12:00,16586.97
Utility 1,07/14/2022 13:00,17146.31
Utility 1,07/14/2022 14:00,17553.72
Utility 1,07/14/2022 15:00,18055.92
Utility 1,07/14/2022 16:00,18720.97
Utility 1,07/14/2022 17:00,19245.05
Utility 1,07/14/2022 18:00,19666.96
Utility 1,07/14/2022 19:00,19784.83
Utility 1,07/14/2022 20:00,19390.06
Utility 1,07/14/2022 21:00,18742.6
Utility 1,07/14/2022 22:00,17833.51
Utility 1,07/14/2022 23:00,16311.85
Utility 1,07/15/2022 00:00,14750.98
Utility 1,07/15/2022 01:00,13619.32
Utility 1,07/15/2022 02:00,13210.52
Utility 1,07/15/2022 03:00,12737.84
Utility 1,07/15/2022 04:00,12527.2
Utility 1,07/15/2022 05:00,12467.36
Utility 1,07/15/2022 06:00,12802.52
Utility 1,07/15/2022 07:00,13275.62
Utility 1,07/15/2022 08:00,13856.82
Utility 1,07/15/2022 09:00,13775.55
Utility 1,07/15/2022 10:00,14026.26
Utility 1,07/15/2022 11:00,14287.87
Utility 1,07/15/2022 12:00,14603.84
Utility 1,07/15/2022 13:00,14949.77
Utility 1,07/15/2022 14:00,15314.2
Utility 1,07/15/2022 15:00,15925.38
Utility 1,07/15/2022 16:00,16688.23
Utility 1,07/15/2022 17:00,17374.3
Utility 1,07/15/2022 18:00,18063.53
Utility 1,07/15/2022 19:00,18280.49
Utility 1,07/15/2022 20:00,17901.21
Utility 1,07/15/2022 21:00,17242.28
Utility 1,07/15/2022 22:00,16508.95
Utility 1,07/15/2022 23:00,15245.57
Utility 1,07/16/2022 00:00,13957.24
Utility 1,07/16/2022 01:00,12909.59
Utility 1,07/16/2022 02:00,12912.67
Utility 1,07/16/2022 03:00,12677.17
Utility 1,07/16/2022 04:00,12337.47
Utility 1,07/16/2022 05:00,12190.91
Utility 1,07/16/2022 06:00,12225.02
Utility 1,07/16/2022 07:00,12441.26
Utility 1,07/16/2022 08:00,12664.51
Utility 1,07/16/2022 09:00,13078.22
Utility 1,07/16/2022 10:00,13107.69
Utility 1,07/16/2022 11:00,13656.94
Utility 1,07/16/2022 12:00,14145.39
Utility 1,07/16/2022 13:00,14572.96
Utility 1,07/16/2022 14:00,14677.31
Utility 1,07/16/2022 15:00,14899.77
Utility 1,07/16/2022 16:00,15396.2
Utility 1,07/16/2022 17:00,15913.13
Utility 1,07/16/2022 18:00,16522.13
Utility 1,07/16/2022 19:00,16757.74
Utility 1,07/16/2022 20:00,16596.65
Utility 1,07/16/2022 21:00,16423.37
Utility 1,07/16/2022 22:00,16034.88
Utility 1,07/16/2022 23:00,15108.97
Utility 1,07/17/2022 00:00,14061.2
Utility 1,07/17/2022 01:00,13161.07
Utility 1,07/17/2022 02:00,12944.45
Utility 1,07/17/2022 03:00,12618.06
Utility 1,07/17/2022 04:00,12289.34
Utility 1,07/17/2022 05:00,12320.45
Utility 1,07/17/2022 06:00,12309.49
Utility 1,07/17/2022 07:00,12212.83
Utility 1,07/17/2022 08:00,12624.57
Utility 1,07/17/2022 09:00,12744.64
Utility 1,07/17/2022 10:00,13174.28
Utility 1,07/17/2022 11:00,13916.26
Utility 1,07/17/2022 12:00,14840.25
Utility 1,07/17/2022 13:00,15901.09
Utility 1,07/17/2022 14:00,16496.42
Utility 1,07/17/2022 15:00,16944.72
Utility 1,07/17/2022 16:00,17506.96
Utility 1,07/17/2022 17:00,18340.94
Utility 1,07/17/2022 18:00,19213.3
Utility 1,07/17/2022 19:00,19621.51
Utility 1,07/17/2022 20:00,19324.62
Utility 1,07/17/2022 21:00,18902.03
Utility 1,07/17/2022 22:00,18184.87
Utility 1,07/17/2022 23:00,16772.77
Utility 1,07/18/2022 00:00,15333.95
Utility 1,07/18/2022 01:00,14526.98
Utility 1,07/18/2022 02:00,14299.01
Utility 1,07/18/2022 03:00,14161.59
Utility 1,07/18/2022 04:00,13990.84
Utility 1,07/18/2022 05:00,14139.42
Utility 1,07/18/2022 06:00,14222.32
Utility 1,07/18/2022 07:00,14683.08
Utility 1,07/18/2022 08:00,15788.17
Utility 1,07/18/2022 09:00,16646.74
Utility 1,07/18/2022 10:00,17426.44
Utility 1,07/18/2022 11:00,18200.57
Utility 1,07/18/2022 12:00,18697.48
Utility 1,07/18/2022 13:00,18899.48
Utility 1,07/18/2022 14:00,19163.81
Utility 1,07/18/2022 15:00,19230.12
Utility 1,07/18/2022 16:00,19200.12
Utility 1,07/18/2022 17:00,18945.56
Utility 1,07/18/2022 18:00,19111.81
Utility 1,07/18/2022 19:00,19073.23
Utility 1,07/18/2022 20:00,18807.66
Utility 1,07/18/2022 21:00,18557.92
Utility 1,07/18/2022 22:00,17889.28
Utility 1,07/18/2022 23:00,16700.68
Utility 1,07/19/2022 00:00,15550.42
Utility 1,07/19/2022 01:00,15336.37
Utility 1,07/19/2022 02:00,14994.57
Utility 1,07/19/2022 03:00,14570.59
Utility 1,07/19/2022 04:00,14350.41
Utility 1,07/19/2022 05:00,14381.59
Utility 1,07/19/2022 06:00,14899.12
Utility 1,07/19/2022 07:00,15918.14
Utility 1,07/19/2022 08:00,16717.02
Utility 1,07/19/2022 09:00,16648.09
Utility 1,07/19/2022 10:00,16686.65
Utility 1,07/19/2022 11:00,17056.02
Utility 1,07/19/2022 12:00,17731.88
Utility 1,07/19/2022 13:00,18497.07
Utility 1,07/19/2022 14:00,19405.09
Utility 1,07/19/2022 15:00,20159.55
Utility 1,07/19/2022 16:00,21031.41
Utility 1,07/19/2022 17:00,21911.14
Utility 1,07/19/2022 18:00,22419.21
Utility 1,07/19/2022 19:00,22596.71
Utility 1,07/19/2022 20:00,22379.01
Utility 1,07/19/2022 21:00,21667.06
Utility 1,07/19/2022 22:00,20587.44
Utility 1,07/19/2022 23:00,18862.15
Utility 1,07/20/2022 00:00,17405.97
Utility 1,07/20/2022 01:00,16651.64
Utility 1,07/20/2022 02:00,15994.15
Utility 1,07/20/2022 03:00,15352.27
Utility 1,07/20/2022 04:00,14975.06
Utility 1,07/20/2022 05:00,14950.91
Utility 1,07/20/2022 06:00,15368.25
Utility 1,07/20/2022 07:00,16400.37
Utility 1,07/20/2022 08:00,17390.57
Utility 1,07/20/2022 09:00,17604.06
Utility 1,07/20/2022 10:00,18345.77
Utility 1,07/20/2022 11:00,19150.56
Utility 1,07/20/2022 12:00,19897.04
Utility 1,07/20/2022 13:00,20727.32
Utility 1,07/20/2022 14:00,21562.15
Utility 1,07/20/2022 15:00,22222.72
Utility 1,07/20/2022 16:00,22773.33
Utility 1,07/20/2022 17:00,23151.64
Utility 1,07/20/2022 18:00,23900.57
Utility 1,07/20/2022 19:00,24232.94
Utility 1,07/20/2022 20:00,23969.16
Utility 1,07/20/2022 21:00,23271.72
Utility 1,07/20/2022 22:00,22133.04
Utility 1,07/20/2022 23:00,20398.24
Utility 1,07/21/2022 00:00,19022.11
Utility 1,07/21/2022 01:00,18003.08
Utility 1,07/21/2022 02:00,17012.9
Utility 1,07/21/2022 03:00,16482.31
Utility 1,07/21/2022 04:00,16372.9
Utility 1,07/21/2022 05:00,16275.27
Utility 1,07/21/2022 06:00,16654.01
Utility 1,07/21/2022 07:00,17611.81
Utility 1,07/21/2022 08:00,18679.61
Utility 1,07/21/2022 09:00,19100.35
Utility 1,07/21/2022 10:00,19243.32
Utility 1,07/21/2022 11:00,20052.91
Utility 1,07/21/2022 12:00,21002.02
Utility 1,07/21/2022 13:00,21797.68
Utility 1,07/21/2022 14:00,22560.56
Utility 1,07/21/2022 15:00,23162.92
Utility 1,07/21/2022 16:00,23270.6
Utility 1,07/21/2022 17:00,22904.09
Utility 1,07/21/2022 18:00,22998.86
Utility 1,07/21/2022 19:00,23214.12
Utility 1,07/21/2022 20:00,23037.84
Utility 1,07/21/2022 21:00,22359.93
Utility 1,07/21/2022 22:00,21371.43
Utility 1,07/21/2022 23:00,19759.63
Utility 1,07/22/2022 00:00,18170.21
Utility 1,07/22/2022 01:00,17396.8
Utility 1,07/22/2022 02:00,16858.07
Utility 1,07/22/2022 03:00,16206.6
Utility 1,07/22/2022 04:00,15736.47
Utility 1,07/22/2022 05:00,15588.07
Utility 1,07/22/2022 06:00,15897.12
Utility 1,07/22/2022 07:00,16412.67
Utility 1,07/22/2022 08:00,17078.49
Utility 1,07/22/2022 09:00,17581.45
Utility 1,07/22/2022 10:00,18077.58
Utility 1,07/22/2022 11:00,18861.31
Utility 1,07/22/2022 12:00,19670.57
Utility 1,07/22/2022 13:00,20040.13
Utility 1,07/22/2022 14:00,20765.44
Utility 1,07/22/2022 15:00,21375.06
Utility 1,07/22/2022 16:00,21963.74
Utility 1,07/22/2022 17:00,22458.11
Utility 1,07/22/2022 18:00,23006.45
Utility 1,07/22/2022 19:00,23078.62
Utility 1,07/22/2022 20:00,22499.21
Utility 1,07/22/2022 21:00,21630.14
Utility 1,07/22/2022 22:00,20643.98
Utility 1,07/22/2022 23:00,19100.98
Utility 1,07/23/2022 00:00,17743.95
Utility 1,07/23/2022 01:00,16426.43
Utility 1,07/23/2022 02:00,15984.5
Utility 1,07/23/2022 03:00,15619.7
Utility 1,07/23/2022 04:00,15400.2
Utility 1,07/23/2022 05:00,15145.55
Utility 1,07/23/2022 06:00,15094.95
Utility 1,07/23/2022 07:00,15163.78
Utility 1,07/23/2022 08:00,15594.34
Utility 1,07/23/2022 09:00,15932.63
Utility 1,07/23/2022 10:00,16458.72
Utility 1,07/23/2022 11:00,17329.48
Utility 1,07/23/2022 12:00,18141.98
Utility 1,07/23/2022 13:00,18852.63
Utility 1,07/23/2022 14:00,19423.82
Utility 1,07/23/2022 15:00,19939.18
Utility 1,07/23/2022 16:00,20679.65
Utility 1,07/23/2022 17:00,21591.36
Utility 1,07/23/2022 18:00,22434.6
Utility 1,07/23/2022 19:00,22842.25
Utility 1,07/23/2022 20:00,22248.62
Utility 1,07/23/2022 21:00,21363.25
Utility 1,07/23/2022 22:00,20419.37
Utility 1,07/23/2022 23:00,18964.13
Utility 1,07/24/2022 00:00,17687.78
Utility 1,07/24/2022 01:00,16669.88
Utility 1,07/24/2022 02:00,15996.45
Utility 1,07/24/2022 03:00,15348.21
Utility 1,07/24/2022 04:00,15189.82
Utility 1,07/24/2022 05:00,14897.82
Utility 1,07/24/2022 06:00,15019.98
Utility 1,07/24/2022 07:00,14944.33
Utility 1,07/24/2022 08:00,15405.94
Utility 1,07/24/2022 09:00,16202.49
Utility 1,07/24/2022 10:00,16783.6
Utility 1,07/24/2022 11:00,17621.9
Utility 1,07/24/2022 12:00,18569.91
Utility 1,07/24/2022 13:00,19336.18
Utility 1,07/24/2022 14:00,19966.6
Utility 1,07/24/2022 15:00,20574.97
Utility 1,07/24/2022 16:00,21425.76
Utility 1,07/24/2022 17:00,22337.49
Utility 1,07/24/2022 18:00,23253.65
Utility 1,07/24/2022 19:00,23624.31
Utility 1,07/24/2022 20:00,23256.63
Utility 1,07/24/2022 21:00,22708.92
Utility 1,07/24/2022 22:00,21772.3
Utility 1,07/24/2022 23:00,20104.74
Utility 1,07/25/2022 00:00,18678.28
Utility 1,07/25/2022 01:00,17955.07
Utility 1,07/25/2022 02:00,17706.2
Utility 1,07/25/2022 03:00,17423.32
Utility 1,07/25/2022 04:00,17181.98
Utility 1,07/25/2022 05:00,17229.56
Utility 1,07/25/2022 06:00,17761.63
Utility 1,07/25/2022 07:00,18320.96
Utility 1,07/25/2022 08:00,19014.93
Utility 1,07/25/2022 09:00,19825.12
Utility 1,07/25/2022 10:00,20385.35
Utility 1,07/25/2022 11:00,21060.49
Utility 1,07/25/2022 12:00,21360.58
Utility 1,07/25/2022 13:00,21565.37
Utility 1,07/25/2022 14:00,21594.75
Utility 1,07/25/2022 15:00,21184.67
Utility 1,07/25/2022 16:00,20935.81
Utility 1,07/25/2022 17:00,21411.47
Utility 1,07/25/2022 18:00,22063.48
Utility 1,07/25/2022 19:00,22095.49
Utility 1,07/25/2022 20:00,21585.3
Utility 1,07/25/2022 21:00,20774.68
Utility 1,07/25/2022 22:00,19734.6
Utility 1,07/25/2022 23:00,18242.89
Utility 1,07/26/2022 00:00,17008.24
Utility 1,07/26/2022 01:00,15681.4
Utility 1,07/26/2022 02:00,14949.31
Utility 1,07/26/2022 03:00,14300.7
Utility 1,07/26/2022 04:00,14086.52
Utility 1,07/26/2022 05:00,14000.98
Utility 1,07/26/2022 06:00,14102.44
Utility 1,07/26/2022 07:00,14323.24
Utility 1,07/26/2022 08:00,15024.67
Utility 1,07/26/2022 09:00,15191.76
Utility 1,07/26/2022 10:00,15330.54
Utility 1,07/26/2022 11:00,15767.08
Utility 1,07/26/2022 12:00,16303.48
Utility 1,07/26/2022 13:00,16870.41
Utility 1,07/26/2022 14:00,17074.04
Utility 1,07/26/2022 15:00,17222.36
Utility 1,07/26/2022 16:00,17390.94
Utility 1,07/26/2022 17:00,17738.8
Utility 1,07/26/2022 18:00,18186.05
Utility 1,07/26/2022 19:00,18523.99
Utility 1,07/26/2022 20:00,18268.92
Utility 1,07/26/2022 21:00,17662.51
Utility 1,07/26/2022 22:00,16777.07
Utility 1,07/26/2022 23:00,15345.02
Utility 1,07/27/2022 00:00,14201.03
Utility 1,07/27/2022 01:00,13231.22
Utility 1,07/27/2022 02:00,12751.14
Utility 1,07/27/2022 03:00,12254.62
Utility 1,07/27/2022 04:00,11996.3
Utility 1,07/27/2022 05:00,12035.02
Utility 1,07/27/2022 06:00,12135.43
Utility 1,07/27/2022 07:00,12774.97
Utility 1,07/27/2022 08:00,13573.36
Utility 1,07/27/2022 09:00,13802.09
Utility 1,07/27/2022 10:00,13824.9
Utility 1,07/27/2022 11:00,14128.59
Utility 1,07/27/2022 12:00,14633.61
Utility 1,07/27/2022 13:00,15238.88
Utility 1,07/27/2022 14:00,16042.69
Utility 1,07/27/2022 15:00,16959.75
Utility 1,07/27/2022 16:00,17685.13
Utility 1,07/27/2022 17:00,18336.2
Utility 1,07/27/2022 18:00,18959.68
Utility 1,07/27/2022 19:00,19013.23
Utility 1,07/27/2022 20:00,18637.33
Utility 1,07/27/2022 21:00,18205.17
Utility 1,07/27/2022 22:00,17399.06
Utility 1,07/27/2022 23:00,15989.92
Utility 1,07/28/2022 00:00,14614.51
Utility 1,07/28/2022 01:00,14003.29
Utility 1,07/28/2022 02:00,13628.84
Utility 1,07/28/2022 03:00,13365.5
Utility 1,07/28/2022 04:00,13200.67
Utility 1,07/28/2022 05:00,13185.85
Utility 1,07/28/2022 06:00,13276.59
Utility 1,07/28/2022 07:00,13770.46
Utility 1,07/28/2022 08:00,14796.61
Utility 1,07/28/2022 09:00,15546.67
Utility 1,07/28/2022 10:00,15985.65
Utility 1,07/28/2022 11:00,16583.81
Utility 1,07/28/2022 12:00,17541.33
Utility 1,07/28/2022 13:00,18590.66
Utility 1,07/28/2022 14:00,19533.94
Utility 1,07/28/2022 15:00,20119.28
Utility 1,07/28/2022 16:00,20562.58
Utility 1,07/28/2022 17:00,21329.12
Utility 1,07/28/2022 18:00,21997.33
Utility 1,07/28/2022 19:00,21955.34
Utility 1,07/28/2022 20:00,21429.87
Utility 1,07/28/2022 21:00,20879.2
Utility 1,07/28/2022 22:00,19861.52
Utility 1,07/28/2022 23:00,18364.72
Utility 1,07/29/2022 00:00,17179.84
Utility 1,07/29/2022 01:00,16286.34
Utility 1,07/29/2022 02:00,15747.66
Utility 1,07/29/2022 03:00,15651.93
Utility 1,07/29/2022 04:00,15321.56
Utility 1,07/29/2022 05:00,15233.08
Utility 1,07/29/2022 06:00,15003.76
Utility 1,07/29/2022 07:00,15396.28
Utility 1,07/29/2022 08:00,16077.11
Utility 1,07/29/2022 09:00,16661.42
Utility 1,07/29/2022 10:00,17131.19
Utility 1,07/29/2022 11:00,17589.83
Utility 1,07/29/2022 12:00,18306.3
Utility 1,07/29/2022 13:00,18628.53
Utility 1,07/29/2022 14:00,19179.04
Utility 1,07/29/2022 15:00,19644.1
Utility 1,07/29/2022 16:00,20247.85
Utility 1,07/29/2022 17:00,20895.48
Utility 1,07/29/2022 18:00,21318.23
Utility 1,07/29/2022 19:00,21297.03
Utility 1,07/29/2022 20:00,20768.2
Utility 1,07/29/2022 21:00,20199.14
Utility 1,07/29/2022 22:00,19373.86
Utility 1,07/29/2022 23:00,18025.11
Utility 1,07/30/2022 00:00,16607.33
